Date,O,T,SJM,NEM,SCG,GIS,AWK,TSN,CPB,REG
2015-12-31,47.85994,31.185871,117.750534,17.833899,56.914455,54.101059,57.388065,52.196251,50.056568,64.199959
2016-01-04,47.442791,31.131491,116.834045,18.279995,57.083817,53.913399,57.935532,51.834118,49.208801,63.65332
2016-01-05,48.471748,31.349005,117.712364,18.260168,57.450764,53.669453,57.772255,51.188148,49.389778,64.897362
2016-01-06,48.759102,31.303053,116.853142,18.398952,57.403721,53.228455,57.52253,51.148998,49.30405,65.274338
2016-01-07,47.915554,30.797573,114.857857,18.696352,57.347263,52.112644,57.090317,51.060909,48.702217,64.671181
2016-01-08,47.433521,30.825142,114.600098,17.853729,57.112038,52.282852,57.311226,51.188148,48.980137,64.115135
2016-01-11,48.453197,31.201956,115.268356,16.862402,57.290813,52.869129,57.868298,51.59922,49.258053,64.492104
2016-01-12,48.601517,31.156006,116.156212,16.862402,57.036766,53.304111,57.810677,52.440937,51.251373,64.171669
2016-01-13,48.0546,31.008955,113.759972,17.328327,56.669823,52.292305,57.714626,51.990715,50.59013,63.549652
2016-01-14,48.434666,31.523624,114.848312,17.12015,57.535446,52.339584,58.4734,51.785179,51.260952,63.351749
2016-01-15,48.379051,31.238722,112.900757,17.546417,56.952087,51.762764,58.089207,50.395367,50.781792,63.804123
2016-01-19,49.139168,31.716623,114.304146,16.168476,57.921204,52.405773,58.598259,48.623848,52.065948,65.396866
2016-01-20,48.082409,31.156006,113.970009,16.416309,56.575737,51.592556,58.223671,48.897892,51.845531,64.699448
2016-01-21,48.684944,31.744204,113.855438,16.545181,56.52869,51.176487,57.868298,49.925571,51.835953,64.473267
2016-01-22,50.093956,32.295631,117.320938,16.535267,57.55426,52.320671,59.971729,50.131107,52.37262,65.905785
2016-01-25,49.954914,32.166969,116.328056,17.516678,56.961502,51.8195,59.011261,50.199623,52.334278,65.557083
2016-01-26,51.16925,32.534592,117.359131,18.339476,57.065002,52.131554,59.885284,51.383896,52.851784,67.272346
2016-01-27,51.058025,32.608116,118.800697,19.271318,56.94268,51.951885,59.971729,50.757504,52.708031,66.254501
2016-01-28,51.047779,32.65406,120.566849,19.36054,57.761253,52.207203,60.941807,51.471981,53.407604,66.499527
2016-01-29,51.90369,33.141163,122.504868,19.786808,59.229042,53.436501,62.34409,52.225613,54.059277,68.224228
2016-02-01,52.703793,33.25145,123.27816,20.371687,60.376926,53.587788,62.459351,53.155418,54.49052,69.006462
2016-02-02,53.234077,33.141163,122.514412,19.895853,60.84737,52.76511,62.776306,51.87326,53.96344,68.214813
2016-02-03,53.355019,33.747742,123.507278,22.146154,62.004669,52.642185,63.275738,51.794968,53.944267,68.846252
2016-02-04,53.47596,33.57312,120.223167,23.177132,61.336639,52.122097,61.721371,50.845589,53.033859,68.092278
2016-02-05,51.996723,33.894794,119.784019,24.198193,60.743877,52.358494,61.518627,55.886105,53.513027,67.168686
2016-02-08,52.257221,34.106174,119.994049,24.971428,60.66861,52.689465,62.068935,58.881054,53.886772,66.433563
2016-02-09,52.433979,33.683411,121.578819,24.089148,61.421322,52.897491,63.449532,59.556381,54.825935,66.961349
2016-02-10,52.824734,33.48122,122.672905,24.099058,61.327229,53.039341,64.376373,60.270866,55.477596,66.791702
2016-02-11,55.932076,33.279022,121.07016,24.822729,60.734474,52.935322,63.797092,58.773384,54.940937,65.811539
2016-02-12,56.266983,33.517979,121.809158,25.556309,60.593334,53.795822,62.831646,58.890842,55.813011,65.74556
2016-02-16,55.652966,33.683411,122.557739,24.346893,60.950882,54.523952,62.899223,60.495972,56.963001,66.603203
2016-02-17,55.643669,33.674213,122.29863,24.62446,60.828552,54.97784,62.474411,61.083218,58.362167,66.688026
2016-02-18,56.239079,33.995888,122.394585,24.852468,61.910591,55.412823,63.536423,61.621525,58.419662,66.650063
2016-02-19,56.025105,33.609882,122.605728,24.62446,61.515404,55.526299,63.497799,61.631313,58.400494,66.782936
2016-02-22,55.559925,33.876415,121.751564,24.902035,61.835312,55.195328,63.980518,62.737289,58.218418,66.906326
2016-02-23,55.550621,33.766129,118.862778,25.169691,62.10817,55.620857,64.366714,63.412628,58.362167,66.69751
2016-02-24,55.383167,34.096985,122.615326,25.358044,62.559795,55.753239,64.386017,63.990074,58.00758,66.792435
2016-02-25,55.932076,34.345127,124.35244,25.625698,62.832657,56.869064,65.699036,65.076477,60.010487,67.893456
2016-02-26,54.727016,34.124557,122.528946,25.130041,60.988506,55.791065,62.570961,63.928764,59.397152,66.963287
2016-02-29,54.643005,33.959126,122.432983,25.605875,61.176689,55.64922,62.580627,63.516766,59.176743,66.991768
2016-03-01,54.913692,34.363506,123.066391,25.169691,60.489838,56.140942,63.044041,64.330956,58.563412,68.842621
2016-03-02,55.109711,34.639225,122.6633,26.012316,61.214317,56.292244,66.384499,64.536957,58.89883,69.782295
2016-03-03,55.091042,34.914948,123.143181,26.587284,61.233139,56.538101,65.554214,64.762573,59.291744,69.915176
2016-03-04,54.288296,34.859798,122.40419,25.883444,62.042309,56.9258,65.525261,63.722759,59.368408,70.095497
2016-03-07,53.905594,35.043613,121.693985,26.299803,61.938805,56.377346,65.013565,64.438858,59.464245,69.184319
2016-03-08,54.736347,35.006851,121.127739,25.68956,62.797832,56.689396,66.00798,64.193634,59.905067,68.709732
2016-03-09,55.007038,34.905758,121.95311,25.937624,63.224953,57.152748,66.316933,64.821434,60.614239,69.07991
2016-03-10,55.305733,35.209042,123.315941,27.138256,63.376823,57.237854,65.872818,65.370773,60.460903,69.184319
2016-03-11,55.660435,35.254993,124.304459,26.473444,63.756489,57.739029,65.756966,66.400772,61.323399,70.304329
2016-03-14,55.772442,35.218231,124.054932,25.927702,63.452755,57.578274,65.650749,65.93972,60.863396,70.513145
2016-03-15,55.875122,35.402042,123.287148,26.165846,64.098206,57.909233,66.220383,65.390388,61.007149,70.949745
2016-03-16,56.827232,35.631809,123.939766,27.336708,64.401932,58.051079,66.519669,65.772949,61.572559,71.680611
2016-03-17,57.471283,35.953472,124.678764,27.247406,64.658226,58.419865,67.552704,65.929916,61.687561,73.199272
2016-03-18,57.163269,35.438808,123.661438,27.57485,64.724663,58.429325,65.660416,65.90049,61.65881,70.72197
2016-03-21,56.724545,35.769661,123.171974,27.57485,64.772118,57.965969,65.216301,65.48848,61.630062,70.199921
2016-03-22,56.827232,35.503143,122.557739,27.177946,64.430405,57.483711,65.274231,65.419815,60.662148,69.896194
2016-03-23,57.321945,35.420429,123.584663,24.786606,64.81958,57.691746,65.216301,66.155525,60.786736,69.46907
2016-03-24,57.368618,35.732903,123.527084,25.203354,65.341621,58.022713,65.293541,65.615997,60.537563,69.592453
2016-03-28,57.975338,35.90752,124.381233,25.501032,65.303665,58.514435,64.820465,66.194771,60.738811,70.608063
2016-03-29,58.68475,36.256771,124.745918,26.741354,66.4142,59.516777,66.345886,66.410583,61.495892,71.547722
2016-03-30,58.253067,36.183239,124.937866,26.542902,65.968086,59.866653,66.239685,66.273247,61.486313,71.253487
2016-03-31,58.533981,35.999432,124.611565,26.374218,66.585052,59.90448,66.54863,65.390388,61.131733,71.044662
2016-04-01,58.290535,35.889145,127.183662,26.41391,67.486778,61.42691,67.09893,66.793152,62.444645,71.500275
2016-04-04,58.206253,36.174057,122.432983,26.096386,67.296936,61.805157,67.214798,66.47924,62.74173,71.566719
2016-04-05,58.861725,36.017811,120.935799,27.088642,66.214867,60.783894,66.66449,66.155525,61.716305,70.693481
2016-04-06,58.964737,35.952686,122.40419,27.525238,66.376228,60.651508,67.09893,66.744102,61.907978,70.683983
2016-04-07,58.665092,35.906162,122.576942,27.743534,65.996552,60.118145,67.38858,66.547913,61.495819,70.446701
2016-04-08,58.992817,35.822414,122.749695,28.874708,66.091476,60.289581,67.948532,66.812775,61.832863,70.902298
2016-04-11,58.992817,35.720062,122.634514,30.869146,65.635872,59.889557,67.6782,66.155525,61.524712,70.522629
2016-04-12,59.685753,35.980587,122.816864,30.392862,66.224365,60.441967,67.958191,67.067825,61.611374,71.262978
2016-04-13,59.067734,35.589806,123.056808,29.251766,66.119957,59.708591,67.958191,64.380005,60.484692,70.949745
2016-04-14,58.683819,35.747978,122.269829,28.457962,65.730782,59.156178,68.00647,63.428478,59.473564,70.380272
2016-04-15,59.002186,35.803806,123.229538,29.14262,66.262329,59.480007,68.798134,64.085716,59.723942,71.09214
2016-04-18,59.133289,35.96199,124.170097,29.231922,66.357254,59.556198,69.222931,64.536957,60.032093,71.32943
2016-04-19,59.264374,36.213207,124.314049,30.670696,66.328773,59.413334,69.705658,64.075912,59.531345,71.262978
2016-04-20,57.644409,36.027115,123.363907,30.214256,64.667694,58.70853,68.431252,62.457333,59.126896,70.123993
2016-04-21,55.275341,35.226929,119.56337,31.940788,63.01614,57.260815,65.901787,61.741234,57.615021,68.814148
2016-04-22,55.593719,35.422321,121.07016,30.988216,63.149017,57.67989,66.847923,61.868763,58.395027,69.620934
2016-04-25,56.483284,35.552589,122.29863,30.869146,63.490719,58.184685,68.354034,62.859528,58.780224,70.26635
2016-04-26,55.809082,35.440933,122.183456,31.722488,63.111053,57.822754,68.942955,63.448097,58.732071,70.532112
2016-04-27,55.668625,36.027115,122.788071,31.851479,63.652084,58.222786,69.676697,64.085716,59.358006,70.968742
2016-04-28,55.874386,35.952686,122.634514,32.734596,64.363968,58.3466,69.889099,64.272102,59.213562,70.541626
2016-04-29,55.620701,36.120159,121.866737,34.699268,65.199257,58.422798,70.246323,64.566391,59.425415,69.95314
2016-05-02,56.193832,36.380684,122.538551,34.074142,66.015549,59.260948,71.626915,65.4002,60.33062,71.272461
2016-05-03,57.039406,36.203903,121.713165,33.568092,66.138939,58.718056,71.375885,65.0961,59.820236,71.32943
2016-05-04,58.608437,36.175991,122.989624,32.099545,66.955238,58.803776,71.87793,65.419815,60.060986,73.332153
2016-05-05,58.636631,36.045723,123.210365,32.605595,66.452164,59.127602,71.02887,65.115715,60.725437,73.749779
2016-05-06,59.735897,36.278343,124.064522,33.865768,66.138939,59.156178,71.824547,65.969154,61.5536,74.480637
2016-05-09,60.168079,36.157379,124.208481,31.583574,66.319283,59.746689,72.086555,66.940292,62.535839,75.315895
2016-05-10,60.3372,36.576084,125.983986,32.774284,66.271828,60.699131,72.300034,67.950668,63.007698,75.11657
2016-05-11,59.444641,36.455128,125.848938,33.617702,66.233856,60.965816,72.309731,67.175728,63.036587,74.00605
2016-05-12,60.262024,36.799389,126.861824,32.952888,66.983704,61.642052,72.717278,67.342484,64.038086,74.689453
2016-05-13,59.773468,36.427216,125.955055,33.806232,66.812851,61.451557,72.494095,67.44059,63.652893,73.740295
2016-05-16,60.045937,36.548164,126.205856,35.145775,67.050148,61.499184,72.969566,67.048203,63.441032,74.772018
2016-05-17,58.721191,36.389992,123.225075,35.274773,65.313148,59.994324,71.155022,65.233429,61.44767,73.138435
2016-05-18,57.189743,35.775898,122.241127,33.26049,63.984291,59.422855,70.485489,64.340767,61.120258,72.020737
2016-05-19,55.479774,35.76659,122.588402,33.875687,64.876518,59.92765,71.222954,63.781624,61.611374,72.001633
2016-05-20,55.611309,35.775898,122.125359,33.468864,64.933479,59.480007,71.232651,63.477524,57.682426,72.775429
2016-05-23,55.479774,35.654934,122.453354,33.568092,64.297523,59.718113,70.980362,63.742382,57.682426,72.555702
2016-05-24,55.836811,35.822414,123.408363,31.494268,65.246704,59.432384,71.785751,63.860092,58.655033,73.453697
2016-05-25,55.789829,35.934071,124.237961,32.129318,65.028397,59.394283,71.106514,63.546196,58.404655,72.918724
2016-05-26,56.278389,36.138771,124.893921,32.19878,65.88266,59.880032,71.785751,63.899338,58.992077,73.444145
2016-05-27,56.465973,36.278343,124.652763,31.712564,66.167404,59.880032,71.9216,63.977993,58.92466,73.74984
2016-05-31,56.645081,36.427216,124.585236,32.159081,66.357254,59.794315,71.902184,62.709641,58.327618,73.176651
2016-06-01,57.361507,36.036419,125.135101,32.40715,66.623032,60.16576,73.008377,63.230747,58.799484,73.539665
2016-06-02,58.021381,36.138771,125.791046,32.099545,66.509125,60.222908,72.969566,61.549442,58.481701,73.998207
2016-06-03,59.435383,36.483036,127.064392,35.125938,67.534225,60.661034,74.192192,62.149212,59.406155,74.724258
2016-06-06,58.982903,36.604004,127.266968,35.155704,67.382362,60.556267,73.580879,59.858315,59.146156,74.131966
2016-06-07,59.56736,37.022701,127.845757,34.703907,67.154564,60.975334,73.716728,59.818977,59.415783,74.227493
2016-06-08,59.869019,37.087833,128.019424,35.130878,67.752663,61.356312,74.434769,58.757103,59.415783,75.163689
2016-06-09,60.312065,37.301838,138.167587,35.647221,68.585213,62.232563,75.172226,60.251595,60.195797,76.03302
2016-06-10,60.613735,37.525146,139.141907,35.537994,68.499084,62.299236,75.201347,59.553516,60.378765,76.04258
2016-06-13,60.44405,37.394886,139.122589,35.637287,68.355545,61.765862,75.356606,58.924252,59.820236,75.794205
2016-06-14,60.651428,37.571671,138.987534,34.9025,69.140251,61.946831,75.70591,59.27821,60.109131,75.689125
2016-06-15,60.707996,37.487926,138.447342,35.984825,67.963188,61.803967,75.502136,59.347034,59.521717,76.090347
2016-06-16,61.339584,37.674019,140.260864,35.359257,68.36512,62.651646,76.346344,60.458073,60.426914,75.966156
2016-06-17,60.44405,37.897327,139.604919,35.398979,68.34597,62.68021,75.851456,60.192604,60.128387,75.459839
2016-06-20,60.095257,37.943848,140.029358,35.08123,68.288559,62.746872,75.29837,60.261433,60.099499,75.488495
2016-06-21,60.64201,38.21368,140.839691,34.584755,68.441673,63.356434,75.832077,61.13649,60.523209,75.593582
2016-06-22,60.670292,38.427681,141.891159,35.468487,68.403404,63.242161,75.938797,61.628109,60.272839,75.010841
2016-06-23,60.802258,38.96735,141.379898,35.140808,68.278984,63.594555,76.598633,62.296688,60.320992,75.450294
2016-06-24,61.98061,38.632385,140.193359,36.928127,69.130676,62.994514,77.559265,62.503166,60.089874,74.991753
2016-06-27,63.130665,39.106907,141.563171,37.42461,70.231186,63.042145,79.286476,64.145134,61.216557,75.469398
2016-06-28,64.290146,39.097614,141.785034,36.908272,70.757515,62.632587,79.684319,63.122589,60.426914,77.77169
2016-06-29,64.725052,39.581444,143.839752,37.42461,70.776642,64.632721,79.878372,63.152096,60.494324,79.195099
2016-06-30,65.575943,40.204849,147.023117,38.844543,72.403473,67.928169,82.003426,65.669136,64.066971,79.988007
2016-07-01,65.840675,40.446766,146.280334,40.055954,72.374763,68.518677,81.605583,64.912048,63.614365,79.997559
2016-07-05,67.570839,40.335106,146.753021,40.095669,72.767128,68.680603,82.246017,65.570808,64.702545,81.287231
2016-07-06,67.325012,40.551506,147.640488,41.128342,72.843689,69.109184,81.576477,66.524544,65.049225,80.723595
2016-07-07,65.367966,39.798813,147.794861,40.671589,71.035027,69.051666,80.130676,66.524544,64.654495,79.816048
2016-07-08,66.095932,40.090485,148.634079,40.850319,71.848442,69.473534,80.887535,67.763382,64.915703,80.207726
2016-07-11,66.672653,39.996391,147.83342,40.770885,71.647484,68.850327,80.305336,67.32093,64.538399,80.398788
2016-07-12,66.247223,39.902309,146.492554,39.678623,70.374733,68.476387,78.878929,67.507751,64.306213,78.029617
2016-07-13,66.937393,40.071667,147.283569,40.592148,71.054169,68.974968,79.567871,68.048515,64.54808,78.812981
2016-07-14,66.502472,40.241028,146.145279,41.326939,70.499115,69.118774,79.305885,68.677773,64.364258,78.106056
2016-07-15,66.029739,40.353928,147.360748,41.038982,70.326874,69.051666,79.170021,68.402473,64.45134,77.838562
2016-07-18,66.162125,40.316292,147.341461,41.336868,70.709656,69.300957,79.03418,68.71711,64.402954,77.82901
2016-07-19,66.455193,40.241028,147.428268,41.09856,70.527832,69.646118,79.296181,69.887131,64.460999,78.297119
2016-07-20,65.991936,40.18457,147.00383,39.013344,70.346024,68.744865,79.170021,69.484009,62.477737,78.239792
2016-07-21,66.256676,40.00581,147.341461,40.234684,70.948898,68.275055,78.743095,69.936295,61.278103,78.430855
2016-07-22,66.568649,40.560921,147.563339,40.979408,71.704903,68.284645,80.382957,71.17514,61.316799,78.879852
2016-07-25,66.483566,40.40097,149.251495,39.847435,71.255119,68.735275,80.37326,72.079697,61.665089,78.793861
2016-07-26,66.285027,39.874084,147.322174,40.840393,70.61396,68.342163,79.791054,71.57827,60.571869,78.230232
2016-07-27,65.793404,40.231613,146.376785,42.022011,70.049362,67.642265,79.053589,70.949013,59.439957,78.163368
2016-07-28,67.016518,40.062256,146.965256,42.369545,70.757515,68.399689,79.626091,71.824081,59.585068,79.653641
2016-07-29,67.765587,40.730274,148.711288,43.690182,71.71447,68.927017,80.130676,72.364845,60.242939,81.134377
2016-08-01,68.400871,40.626781,148.826996,43.84906,72.307785,68.677742,80.382957,73.033424,60.030098,81.487839
2016-08-02,66.381256,40.60796,149.116425,45.537083,71.81974,68.044945,79.635796,72.246864,59.31419,80.331917
2016-08-03,65.594276,40.589142,147.370377,44.703003,71.168999,66.903992,78.762489,71.745407,58.888508,79.472145
2016-08-04,65.935616,40.532696,150.679153,44.593777,71.13073,67.584724,78.133713,72.325508,59.130367,79.31929
2016-08-05,65.006416,40.60796,149.743454,44.117153,69.800545,67.642265,76.505737,72.404175,59.32386,79.109123
2016-08-08,64.892647,40.391563,149.010315,44.335606,69.590027,67.718964,75.696609,72.826958,59.352886,78.803421
2016-08-09,65.357254,40.532696,148.450821,44.683136,69.618729,68.006599,75.784348,73.220238,59.343212,79.061356
2016-08-10,65.622734,40.645596,149.274796,45.249126,69.714417,68.131233,76.145042,73.38739,59.31419,79.156891
2016-08-11,64.646118,40.82436,148.179382,45.110111,69.867538,68.140831,75.872078,73.318573,59.101349,77.465988
2016-08-12,65.082275,40.720863,148.150299,44.851948,70.078079,68.236694,75.803848,74.105141,58.975574,76.997894
2016-08-15,64.465965,40.476242,147.40387,44.603703,69.0924,68.112061,74.614532,73.829826,58.636978,77.094009
2016-08-16,63.47039,39.478924,146.705933,43.978134,68.039742,67.594315,73.629936,73.003929,58.1726,76.017403
2016-08-17,64.105652,39.38483,148.586517,43.690182,69.226372,67.65184,75.023964,73.131744,58.462833,76.796021
2016-08-18,64.295288,38.952034,149.643158,44.117153,70.106781,68.332581,75.452896,73.770844,58.840137,76.82486
2016-08-19,63.337643,38.585091,149.875809,43.858986,69.456039,68.505157,74.517044,73.623352,59.043301,76.305763
2016-08-22,63.963428,38.491005,151.446198,43.014973,69.628304,68.610626,74.702263,74.331268,59.31419,76.959427
2016-08-23,63.80225,38.434551,139.23201,42.846169,69.379494,68.169586,74.565788,73.957657,58.482185,76.632614
2016-08-24,63.223862,38.453369,137.92334,39.569397,69.168961,68.073715,74.341576,73.741341,58.753067,76.709511
2016-08-25,63.214375,38.641541,136.672867,39.87722,69.322075,68.447624,74.351318,74.203468,59.140045,77.094009
2016-08-26,62.323086,38.274605,134.724396,39.648838,67.532555,67.949059,72.918312,73.829826,58.511208,76.51725
2016-08-29,62.939396,38.575684,137.157532,40.621937,68.106728,68.476387,73.532455,74.754059,59.130367,77.218979
2016-08-30,62.23753,38.472187,135.480499,38.328201,67.130638,67.603897,72.167686,74.310738,58.753067,77.074791
2016-08-31,62.513336,38.462776,137.448349,37.970737,67.609116,67.901131,72.12867,74.448669,58.743397,77.42086
2016-09-01,62.522846,38.538048,136.352951,39.152363,66.996658,67.22039,71.514519,74.360001,55.057415,77.026718
2016-09-02,63.026909,38.528641,137.138168,40.234684,68.566078,68.016182,72.918312,75.305756,55.850727,77.939934
2016-09-06,63.892372,38.792088,137.477432,41.704266,69.704857,67.977829,73.990631,74.951096,55.821701,78.353287
2016-09-07,64.662735,38.829723,135.848862,41.793633,69.484756,65.053528,74.08812,74.162964,55.250908,78.76664
2016-09-08,64.120628,38.754448,135.306015,41.297153,69.441345,64.689201,73.824913,73.591576,54.331837,77.622711
2016-09-09,61.11528,37.361958,131.767792,39.023277,66.605446,62.368942,70.666412,71.187782,53.161221,74.383224
2016-09-12,62.332638,38.30283,133.609604,40.075813,68.100555,63.548241,71.641258,72.734482,54.16737,75.488693
2016-09-13,60.430515,37.606586,132.262161,38.769264,67.155251,62.896271,71.124596,72.281311,53.635269,73.316216
2016-09-14,60.858486,37.531315,132.756561,38.351959,67.608604,62.781219,71.426796,72.015312,53.683643,73.152802
2016-09-15,61.181843,38.058201,133.464188,38.948101,68.418877,62.838745,71.865471,72.507889,53.964203,73.585373
2016-09-16,61.314995,37.822987,132.834122,38.014141,69.373817,62.50317,72.460136,72.163094,53.577221,73.527702
2016-09-19,62.028301,37.691265,132.834122,38.183056,70.270905,62.522346,73.28875,73.128548,53.509502,74.123695
2016-09-20,62.38018,37.597179,131.535126,37.904854,70.058685,62.033363,73.259499,73.453636,53.228947,73.921822
2016-09-21,63.492928,38.171108,132.155533,40.766346,71.312668,62.570286,74.838745,74.566879,53.88681,74.748512
2016-09-22,64.558105,38.679176,133.648392,40.508018,71.891418,62.378529,75.41391,75.62101,53.586899,76.276924
2016-09-23,64.719803,38.839127,132.979507,39.305794,72.335136,61.985428,74.565788,75.128426,53.103176,76.23848
2016-09-26,65.318962,38.707405,133.502991,39.007721,72.547348,61.266338,74.751007,74.754059,52.803265,76.411507
2016-09-27,64.843437,39.008484,129.557587,38.232731,71.438065,61.285515,74.234344,74.596436,52.832287,75.56559
2016-09-28,65.452118,38.434551,130.594849,38.958038,71.052238,61.438919,74.31234,74.891983,53.141872,76.257706
2016-09-29,64.481079,38.321648,130.643295,38.799068,70.135857,61.036232,73.093781,73.71965,52.609779,74.84465
2016-09-30,63.842003,38.208744,131.389725,39.037529,69.807899,61.247162,72.957298,73.562019,52.919361,74.488968
2016-10-03,62.363518,38.359283,131.244308,37.855175,68.997635,61.247162,72.196915,73.985634,52.812939,72.576042
2016-10-04,60.75148,37.540726,129.10199,34.029915,66.914108,60.45137,70.101013,72.576851,51.903545,72.008888
2016-10-05,59.063145,37.293118,129.024445,34.367729,66.518616,60.248478,69.379623,72.675377,51.990616,70.557365
2016-10-06,58.748375,37.245502,129.005051,33.831196,66.663315,60.30645,69.408859,73.276321,52.145405,70.82653
2016-10-07,58.624371,37.016945,128.869354,33.751717,66.721191,60.026268,68.862953,66.744698,52.457008,71.057228
2016-10-10,59.244381,37.150265,130.284653,33.841137,66.971985,60.325771,69.584343,69.453896,52.729671,71.787804
2016-10-11,58.004364,37.235977,128.12291,33.632484,65.920563,59.852364,68.716721,70.320831,52.437534,70.941887
2016-10-12,58.824684,37.455013,128.53006,34.29818,66.499321,60.026268,69.496605,70.498161,52.924416,71.105301
2016-10-13,59.816704,37.493107,129.819336,34.586319,67.367462,60.11322,69.954781,70.961189,53.421043,71.749336
2016-10-14,59.177612,37.350262,129.43161,34.010044,67.000916,59.688118,69.925537,70.517876,52.904949,71.566704
2016-10-17,59.759468,37.397877,128.985687,34.804905,67.666489,59.678459,69.93528,70.488319,52.271996,71.287933
2016-10-18,59.769005,37.483585,128.171387,35.937572,68.090912,59.813717,70.598175,70.498161,52.982845,71.355232
2016-10-19,59.654545,37.502628,128.753036,36.742371,68.139145,59.485229,69.8573,69.424339,52.125927,71.182198
2016-10-20,59.568695,36.80743,125.806107,36.772179,68.033035,58.934532,69.945038,68.774139,51.794846,71.172585
2016-10-21,59.044067,35.702736,126.029053,36.116417,67.91729,58.65435,69.789055,68.508133,51.911697,70.903419
2016-10-24,59.425617,35.102768,125.912735,35.609699,68.303116,58.828255,70.276474,68.793831,51.736416,71.268707
2016-10-25,59.425617,34.950394,126.20356,36.354874,68.756485,59.031143,70.812637,68.015556,52.038288,70.797684
2016-10-26,58.481293,34.693272,126.484665,35.947517,68.949402,58.779945,70.685921,67.651047,52.252518,69.942162
2016-10-27,56.382797,34.778973,125.321419,34.566444,68.611794,58.664013,70.500687,67.887482,51.609829,68.000381
2016-10-28,56.021,34.769455,127.880577,35.152657,69.01693,59.572186,70.705406,68.70517,52.788094,68.288765
2016-10-31,56.700569,35.036106,127.289261,36.801987,70.762848,59.881348,72.177429,69.798698,52.91468,69.278877
2016-11-01,55.26487,34.817074,126.940277,37.706139,69.180901,59.543201,71.212326,70.035133,52.009071,67.606262
2016-11-02,54.279015,34.636127,126.659164,36.941082,68.582855,59.301666,70.666412,69.266708,51.512455,66.145134
2016-11-03,54.125877,34.883732,126.232651,37.50742,68.496048,59.050461,70.276474,68.93177,51.346912,66.79879
2016-11-04,54.920296,34.75993,125.311729,37.557098,68.496048,58.596382,68.814209,66.183151,51.230057,66.635376
2016-11-07,55.944424,35.055153,127.444359,36.25552,69.682495,59.736427,69.926567,68.360367,52.437534,67.317879
2016-11-08,56.413425,35.22657,129.257751,35.828285,70.666382,61.552769,70.975227,69.256866,54.151375,67.56781
2016-11-09,53.235741,35.655117,127.922081,36.801987,67.492851,60.615616,70.808617,68.488426,53.518417,66.000938
2016-11-10,51.953178,34.826595,124.295288,34.45715,66.489685,59.002159,69.612961,65.257103,51.911697,65.520309
2016-11-11,52.058468,34.769455,123.876068,31.387005,66.692245,58.973179,69.857971,65.552658,52.096714,65.981712
2016-11-14,53.235741,34.40757,125.591972,32.390514,66.962326,59.127762,69.20134,67.463867,53.05101,67.647232
2016-11-15,53.283596,35.017063,125.572472,33.692097,68.110199,59.224373,70.191193,67.779121,53.498943,64.790672
2016-11-16,53.743027,35.378944,126.693642,33.54306,67.155251,59.185722,70.514595,67.99585,53.021797,64.722893
2016-11-17,52.517895,35.626545,121.721443,32.489872,67.406052,59.282341,70.357796,65.710274,52.797832,63.309135
2016-11-18,52.7859,35.769398,121.721443,32.479935,67.184189,59.185722,70.396996,66.360489,52.807568,63.899811
2016-11-21,52.728462,35.940819,123.2911,32.857498,67.888351,59.543201,70.994827,56.745308,53.596321,64.016014
2016-11-22,54.173733,36.7122,123.739571,32.98666,68.486404,60.557644,72.660912,58.085133,55.524384,64.810036
2016-11-23,53.71431,36.883621,122.433151,31.297585,67.3964,59.398281,71.043823,57.789581,55.329632,64.567963
2016-11-25,54.145023,37.340733,123.2911,31.714886,68.496048,60.19051,72.876526,58.764889,56.011272,64.558273
2016-11-28,53.934456,37.655006,123.807816,33.235054,69.923645,59.977966,73.405746,57.474327,55.865208,64.577644
2016-11-29,54.503113,37.597866,124.080803,33.334408,69.885063,60.538322,74.464211,58.310013,56.137863,64.780998
2016-11-30,53.25436,36.788391,122.793877,32.231544,68.033035,58.876556,71.024231,56.183716,55.397797,64.722893
2016-12-01,51.381241,37.02647,121.614204,32.062634,67.618263,58.538414,70.289192,55.550766,55.650978,63.435017
2016-12-02,52.572357,36.769341,122.140671,33.364223,68.409225,58.876556,71.073219,56.42107,56.118385,63.725513
2016-12-05,52.572357,36.788391,122.852379,33.264862,68.959045,59.060127,71.073219,56.638645,56.030746,63.928864
2016-12-06,52.43787,37.474056,123.57383,32.856888,69.074799,58.963512,70.779221,56.75732,56.118385,63.919182
2016-12-07,53.263969,38.521618,125.426208,33.453926,70.319122,60.857151,71.210434,58.171555,57.131104,65.023079
2016-12-08,53.148701,38.483528,125.533455,33.702686,70.129539,60.364418,71.592667,60.911018,56.751335,65.429764
2016-12-09,53.41766,38.45496,127.220116,32.628025,70.742073,61.06004,71.563248,61.237381,57.559566,65.545967
2016-12-12,53.965183,39.159676,126.927635,32.438961,71.150421,61.707355,72.268883,61.464848,57.803017,66.85321
2016-12-13,53.897949,39.388241,127.307854,33.702686,71.937958,61.581757,72.670708,62.048347,58.416485,66.310951
2016-12-14,52.49551,39.140633,124.870506,31.523506,70.654556,60.741211,70.504807,61.454952,57.549828,64.858459
2016-12-15,51.909557,39.521564,124.256287,30.757311,70.917084,60.692902,70.544006,61.712093,57.900387,64.383972
2016-12-16,53.283184,39.68346,125.903938,31.503607,71.976845,61.34988,71.426041,61.751648,57.968552,65.584709
2016-12-19,55.069855,40.112003,126.147667,31.623014,72.190742,60.924782,71.847473,61.642864,58.250942,66.068863
2016-12-20,54.52232,40.44532,125.962433,31.503607,72.365753,59.369293,71.729866,61.217602,58.552814,66.0495
2016-12-21,54.022823,40.340565,125.328728,31.394148,72.171303,60.277462,71.347649,61.286831,58.630711,64.897186
2016-12-22,54.109276,40.683407,125.981941,31.284695,72.433807,60.345097,70.994827,61.059368,58.630711,65.197365
2016-12-23,54.186123,40.692928,126.215935,32.299648,72.618538,60.055252,71.494644,61.860432,58.698879,65.31356
2016-12-27,54.205334,40.616745,125.650467,32.429012,72.365753,60.093895,71.622055,61.751648,58.903366,65.26516
2016-12-28,53.878735,40.492939,124.753517,32.618073,70.897629,59.794395,70.544006,60.97036,58.942322,64.655106
2016-12-29,54.595036,40.626263,125.913689,35.095776,71.568489,60.248478,71.269249,61.464848,59.351303,65.846146
2016-12-30,55.414497,40.50246,124.851006,33.901699,71.247643,59.678459,70.91642,61.000027,58.8839,66.766052
2017-01-03,55.424137,40.969101,125.738205,34.458935,71.218483,59.987625,70.808617,61.890106,59.049435,66.707962
2017-01-04,56.253231,40.731022,125.309235,34.787308,71.247643,59.9683,71.357437,62.770294,59.45842,67.773109
2017-01-05,57.766815,40.616745,125.942924,36.389351,70.392052,60.142204,71.475044,63.096657,59.331829,67.928047
2017-01-06,57.68969,39.807487,125.806435,35.245029,69.905922,59.850109,71.386848,62.621944,59.107864,68.073296
2017-01-09,57.265503,39.306522,124.802254,35.185329,68.962822,58.964088,69.926567,61.959332,58.52021,67.134026
2017-01-10,56.581009,39.316154,125.513977,34.906712,69.050316,58.856991,69.309151,60.535206,58.774857,66.523972
2017-01-11,56.426762,39.123478,127.376106,34.200218,69.507286,59.373024,69.162132,60.782452,58.91198,66.020447
2017-01-12,57.429386,39.508831,127.288368,34.299725,69.993416,59.65538,69.279739,61.009914,60.30275,66.814484
2017-01-13,56.947365,39.460667,127.717339,34.359425,70.061478,59.47039,69.407135,61.30661,60.449661,66.69828
2017-01-17,57.969265,39.605175,128.94577,34.966415,70.528175,60.346672,70.63221,61.632973,60.812046,67.501984
2017-01-18,57.631847,39.306522,129.667221,35.085819,70.353165,60.444035,71.151634,62.048347,61.007931,67.79248
2017-01-19,57.053406,39.499203,129.530731,34.757454,69.021156,60.025368,70.436195,61.652752,60.958961,66.727325
2017-01-20,57.545078,39.932732,130.222931,34.866913,68.88504,60.77507,70.495003,61.880219,61.546608,67.550407
2017-01-23,58.094593,40.462597,130.144928,35.702759,68.350296,60.482979,70.338188,61.069256,61.820843,68.760811
2017-01-24,57.631847,39.846024,131.139374,35.861973,67.786385,61.018482,70.475395,61.672527,61.997143,68.886696
2017-01-25,57.477589,39.874928,131.626831,34.777355,67.426636,61.349525,70.289192,61.939552,61.801258,67.928047
2017-01-26,57.66077,40.24102,132.41655,34.021103,66.998856,61.047695,70.749817,61.029694,61.331139,67.666595
2017-01-27,57.304062,40.472229,132.192307,34.210171,66.60022,61.067169,70.867416,62.078007,61.291965,67.250214
2017-01-30,57.363083,40.289185,130.759155,34.797256,66.240479,60.950329,70.475395,61.880219,61.096081,66.766052
2017-01-31,57.692032,40.616741,132.445816,36.100784,66.79467,60.833492,71.974876,62.09779,60.949165,67.521355
2017-02-01,56.414932,40.520401,132.104568,35.692806,66.386314,59.752743,70.367592,63.591145,61.203815,66.51429
2017-02-02,57.48885,39.672611,134.132446,36.498806,67.251633,60.093521,71.533852,64.461441,61.860023,67.288948
2017-02-03,57.875854,39.740051,135.302399,36.578411,67.766937,61.076904,71.331909,64.669128,61.977551,67.637543
2017-02-06,57.875854,39.557007,134.541916,37.752579,67.562752,59.8209,71.01667,62.434044,61.311546,67.676285
2017-02-07,58.195133,39.614807,136.160339,37.135647,67.47525,60.190887,71.01667,63.937286,61.928581,67.104973
2017-02-08,58.53376,39.701515,134.474365,37.663025,68.301682,60.580345,71.844162,64.332878,62.095085,67.821533
2017-02-09,58.611156,39.797855,134.974289,37.016239,67.232193,61.398212,71.76535,64.669128,62.526028,68.663986
2017-02-10,59.28841,39.865295,135.287949,37.46402,67.348862,61.106113,72.366264,64.342766,61.967758,69.041618
2017-02-13,59.617352,39.162014,136.042709,37.195354,68.087784,61.232689,72.129852,64.580124,62.124466,68.983521
2017-02-14,58.804657,39.258354,135.199738,36.906784,65.005692,61.427418,71.725945,64.283424,61.7327,67.899002
2017-02-15,58.359608,39.614807,135.787857,36.84708,65.598778,61.524784,71.922974,64.609795,62.144058,67.046867
2017-02-16,58.611156,39.740051,135.111511,37.384411,65.452942,59.918266,72.346573,64.184525,61.262573,67.318001
2017-02-17,58.824005,39.961632,133.258926,36.827179,63.829258,57.66914,72.71106,64.540565,57.276348,67.540718
2017-02-21,59.520607,40.20248,139.110748,37.255051,65.102921,59.411968,73.272575,62.612057,57.736679,68.276642
2017-02-22,59.15295,40.067608,137.94429,35.822166,66.055748,58.993301,73.804527,62.523052,57.952145,68.2864
2017-02-23,60.817055,40.414429,138.042328,35.682858,67.028015,59.178291,74.444855,62.127457,57.844414,69.203255
2017-02-24,61.136333,40.809422,138.385406,35.901772,67.00856,59.752743,75.163986,61.989002,57.893383,69.437355
2017-02-27,61.292618,40.289185,138.169754,33.802197,66.639114,58.360424,75.311752,61.894714,57.756264,69.934792
2017-02-28,59.487034,40.260284,138.9245,34.070866,67.426636,58.779095,76.838676,62.093224,58.128441,68.618027
2017-03-01,58.826931,40.501137,137.905106,34.249969,66.872452,58.954357,76.503746,63.720982,58.265564,66.716042
2017-03-02,58.788113,40.530033,138.159958,33.434021,68.039169,59.304867,76.681053,62.629192,58.59856,67.428062
2017-03-03,58.574543,40.472229,137.709076,33.901699,68.544746,59.129608,76.188499,63.125458,58.314533,66.072289
2017-03-06,57.924149,40.424061,137.218964,32.846935,68.466965,58.837521,76.149109,61.527473,58.069675,64.989609
2017-03-07,58.089172,40.346989,136.415176,32.866867,67.873878,58.662262,75.745201,61.428219,57.873791,64.10202
2017-03-08,56.011787,40.24102,135.699646,32.777176,66.680161,58.487,74.346344,61.457996,57.452644,63.185162
2017-03-09,55.477879,40.404797,136.924881,32.488171,66.052383,59.032249,74.15918,61.825237,57.815029,61.400211
2017-03-10,55.710854,40.799782,136.728867,32.827003,66.130859,58.973824,74.789642,63.075832,57.971729,61.039322
2017-03-13,56.128277,40.819054,136.356354,32.906731,66.307419,58.92514,74.957115,63.125458,57.834618,62.15126
2017-03-14,56.050617,40.549301,136.170135,32.28886,66.160286,58.866726,74.878311,62.2024,57.736679,63.253437
2017-03-15,57.497021,41.030998,136.385788,33.983025,67.435432,59.548279,76.07029,62.629192,58.138237,65.12616
2017-03-16,57.331997,40.88649,135.974091,32.697453,66.385887,59.207504,74.61232,61.537399,57.619144,64.843307
2017-03-17,58.108585,41.050266,135.807465,32.727348,66.582062,59.061455,75.065475,61.378593,57.981529,65.262718
2017-03-20,57.720287,40.867218,135.758438,33.444878,66.140671,58.671997,74.7995,61.894714,57.785645,65.12616
2017-03-21,58.283321,40.539669,131.94545,33.913265,66.9646,58.185169,75.351158,61.795456,55.914959,65.057884
2017-03-22,58.186249,40.125408,130.994644,33.723919,66.44474,57.38678,76.011185,62.252029,55.738663,64.697006
2017-03-23,57.933857,40.125408,130.524155,33.504669,65.434433,57.80545,75.351158,61.864937,56.414459,65.613853
2017-03-24,57.720287,40.154308,130.426117,33.36515,65.630615,57.600983,75.942223,62.103146,56.257755,65.457802
2017-03-27,57.341705,39.971268,130.259491,33.793678,65.189217,57.240734,75.695946,61.378593,56.306725,64.814049
2017-03-28,57.166969,40.038708,130.504547,32.886799,64.875336,57.454933,76.040733,61.358742,56.434048,64.979866
2017-03-29,57.341705,39.932732,129.965439,33.076149,64.404518,57.873604,76.021034,61.418293,56.385078,64.833557
2017-03-30,57.410873,40.231384,128.661743,32.817039,64.296623,57.513359,75.853569,61.180084,55.934544,64.862816
2017-03-31,57.995396,40.029068,128.485336,32.846935,64.100441,57.454933,76.612091,61.249561,56.061871,64.755524
2017-04-03,58.170769,40.04834,128.485336,33.773743,64.58107,57.007057,75.991486,61.517548,55.719074,64.814049
2017-04-04,58.180508,40.163944,128.210861,34.072716,64.855721,56.841537,76.562851,61.606876,55.611336,64.716507
2017-04-05,58.20974,39.990528,127.446312,34.192307,65.473671,56.714962,77.124359,61.487774,55.601543,64.501923
2017-04-06,58.618904,39.581074,126.877792,34.052784,65.03228,56.636425,76.779579,62.152771,55.425247,64.404381
2017-04-07,58.706585,39.571323,126.838577,34.192307,64.149483,56.59716,76.740166,61.696205,55.248951,64.443405
2017-04-10,59.183952,39.366596,125.16243,34.49128,64.267189,56.469528,76.858376,62.182552,55.682587,65.048141
2017-04-11,59.826946,39.298355,125.240837,35.009491,64.051399,56.371357,77.134209,62.390984,55.82056,65.555328
2017-04-12,59.797722,39.54208,125.662323,34.959667,64.953804,56.528439,77.646461,63.780537,56.204918,65.691887
2017-04-13,59.86591,39.269104,124.858566,34.381653,64.54184,56.125923,77.400185,62.996433,55.327793,65.65287
2017-04-17,60.216629,39.288601,125.476089,34.471344,65.03228,56.548069,77.981415,63.979042,55.771282,66.160065
2017-04-18,60.460182,39.239861,125.574112,34.202271,65.424629,57.097839,78.316345,64.753227,56.362602,66.628258
2017-04-19,60.382248,39.239861,124.976189,33.405018,65.336349,56.783684,78.13903,64.147774,56.451302,66.803818
2017-04-20,60.469925,39.347099,124.936981,33.554501,64.777252,56.82296,77.991257,64.554718,56.668121,66.755051
2017-04-21,60.158176,38.927891,124.074394,34.01292,65.002846,56.675694,79.31131,64.653969,56.520287,65.808929
2017-04-24,58.531231,39.015633,124.642921,33.59436,65.473671,57.078205,79.567436,64.902107,57.141174,63.633827
2017-04-25,58.28767,38.937637,124.417465,32.777176,65.571754,57.176384,79.764458,64.644043,56.756817,63.555805
2017-04-26,57.683655,39.425091,124.388069,32.866867,65.679657,56.82296,79.035477,64.048523,56.569569,62.492638
2017-04-27,58.124592,38.908394,123.907768,32.797108,65.9543,56.361538,79.212791,64.127922,56.28376,62.307316
2017-04-28,57.049118,38.635418,124.211632,33.694019,65.042084,56.459713,78.572472,63.780537,56.707542,61.62455
2017-05-01,57.50864,38.118717,123.398056,32.567898,64.188728,55.56633,77.813942,63.393444,56.03738,61.946423
2017-05-02,57.723743,37.972485,122.202209,32.896763,64.335846,54.89875,77.932152,62.748299,56.086655,62.658451
2017-05-03,56.540714,37.436291,122.486465,32.577862,63.639427,55.026375,76.946793,62.182552,55.988102,61.556274
2017-05-04,54.536423,37.056072,123.1138,32.169266,63.678661,56.008114,74.946381,62.50016,56.411884,61.010056
2017-05-05,55.357689,37.592274,123.584297,32.617725,64.679161,56.253548,75.906975,62.857475,56.569569,61.127102
2017-05-08,54.438648,37.60202,123.741127,32.567898,65.03228,56.351727,75.827751,59.036201,57.013054,59.976158
2017-05-09,53.734703,37.260803,123.005974,32.647621,64.257385,55.34053,74.570068,57.448139,56.342892,60.015171
2017-05-10,54.340878,37.485031,123.597626,32.836971,63.865032,55.311081,74.946381,57.606949,56.668121,61.380707
2017-05-11,53.226292,37.475281,123.301804,33.36515,64.237762,55.23254,74.985992,57.616871,56.806095,60.707691
2017-05-12,53.509827,37.524033,123.015831,33.634228,63.865032,55.222725,75.570267,57.805454,56.39217,59.225117
2017-05-15,53.089409,37.621521,123.045418,33.753811,64.394707,55.330715,75.758423,57.636723,56.658264,59.459202
2017-05-16,52.023716,37.231556,123.035553,33.634228,63.884644,55.065647,75.114731,57.418362,56.28376,57.508442
2017-05-17,52.561451,36.519875,124.041374,34.142475,63.806183,55.006741,74.817642,57.587097,56.579422,58.756931
2017-05-18,52.620113,36.997581,124.149849,33.195736,63.747322,54.888931,74.520546,57.398514,56.116219,59.278469
2017-05-19,52.99165,37.280304,124.258316,33.514637,64.276993,55.203087,75.124634,58.123066,54.973003,59.662247
2017-05-22,52.92321,37.290051,125.195114,33.564468,64.169098,55.674324,75.629692,58.00396,56.658264,59.790169
2017-05-23,52.93298,37.348549,125.767052,32.936626,64.816483,55.654686,75.827751,57.984108,57.279148,59.790169
2017-05-24,53.441387,37.192562,125.974129,33.544537,66.111244,55.87067,76.29319,57.994034,57.535385,60.980858
2017-05-25,53.920464,37.270554,126.220657,33.315327,66.552643,55.792133,76.976509,57.666496,57.978878,61.482716
2017-05-26,53.949799,37.163311,126.38829,33.992992,66.562447,56.273182,76.778442,57.904705,58.106995,61.01038
2017-05-30,53.980221,37.58252,125.993851,33.85347,66.376076,55.53688,77.016113,57.730339,57.042625,59.721287
2017-05-31,53.911526,37.563026,126.072739,34.032856,66.895943,55.703777,77.422142,57.132515,56.815952,59.888573
2017-06-01,54.510212,37.894489,128.419662,33.903301,67.307915,56.498981,78.036133,58.268387,57.121464,59.967297
2017-06-02,55.53093,37.894489,128.695755,33.913265,67.317719,56.498981,78.234192,57.680523,56.894791,59.937778
2017-06-05,54.343357,37.835999,128.685898,33.723919,66.846909,56.390991,78.046036,58.059147,56.648407,59.239109
2017-06-06,54.392433,37.758007,128.705627,35.330769,66.542824,56.479347,77.986618,59.155167,56.737106,60.183784
2017-06-07,54.58873,37.787251,129.060623,35.440552,67.376579,56.64624,78.590706,60.251186,56.520287,61.167824
2017-06-08,53.872261,37.533779,126.723564,34.951511,67.181602,56.155373,77.9272,60.301006,55.840271,60.82341
2017-06-09,54.284481,37.816502,125.392334,34.232918,67.349854,56.047382,78.491676,60.530174,55.722008,61.37447
2017-06-12,55.099087,38.089474,126.269966,34.312763,68.398949,56.194645,78.927406,61.048294,56.066944,62.840691
2017-06-13,55.236485,37.709259,126.457329,34.412567,68.626579,57.107658,79.402756,62.154278,56.145786,62.870209
2017-06-14,55.89407,37.74826,125.707893,33.654057,68.755241,57.677067,80.531708,62.283802,56.165501,62.476597
2017-06-15,55.854809,37.865246,125.382477,32.975384,69.279793,57.755608,81.264526,61.735794,56.135929,63.037495
2017-06-16,55.619259,37.982235,122.986252,32.775776,70.487236,56.057201,81.829002,61.387062,54.253563,60.469154
2017-06-19,55.177605,37.933487,122.434036,32.815697,70.022072,56.076836,80.541611,61.337246,54.02689,59.268631
2017-06-20,55.128529,37.689762,120.668922,32.775776,70.358574,55.703777,80.501999,61.167858,53.879059,58.806133
2017-06-21,54.392433,37.192562,119.880043,33.085171,69.457939,55.183453,79.92762,61.157894,53.317307,59.012783
2017-06-22,53.803558,37.143818,119.544769,33.434483,68.992775,54.977287,80.313835,61.496666,53.169479,59.317829
2017-06-23,54.255028,36.997581,119.041855,33.743881,68.735443,54.918385,80.343544,62.562794,52.804836,60.095222
2017-06-26,55.432777,37.192562,120.36322,33.703957,68.963081,55.144184,80.422775,62.532898,53.011791,61.453197
2017-06-27,54.951866,36.753857,118.499496,33.005325,67.983269,54.506054,79.293816,61.476738,52.11496,61.31543
2017-06-28,55.756668,36.987831,118.144501,32.975384,67.310265,55.389618,78.877892,61.347206,52.124813,62.142025
2017-06-29,54.940971,36.675861,116.379387,32.166969,66.914383,53.966099,77.342918,61.347206,51.237835,61.974735
2017-06-30,54.359745,36.7831,116.685074,32.326656,66.320557,54.388248,77.194374,62.403374,51.395519,61.64016
2017-07-03,55.216808,37.153564,116.507584,31.827633,66.459114,54.172264,77.31321,62.353554,51.43494,62.791489
2017-07-05,54.389297,37.163311,114.683304,32.616089,66.132507,53.809021,77.15477,61.347206,51.247688,61.650005
2017-07-06,53.325344,36.718895,113.509834,32.216869,65.716827,53.313725,76.847763,59.992126,50.93232,60.725006
2017-07-07,53.877022,36.521378,113.785942,31.967358,64.351021,53.125515,77.006218,60.002094,50.833767,61.384315
2017-07-10,52.803226,36.373238,112.819572,32.466381,63.094093,52.897678,77.11515,59.065491,50.222736,60.459316
2017-07-11,53.088917,36.146088,112.859009,32.885559,63.123783,53.026451,76.996315,58.368027,50.71891,60.419956
2017-07-12,53.857323,36.373238,113.559143,33.105129,63.242554,52.937298,77.758842,59.703175,50.996765,61.167824
2017-07-13,54.310482,35.760925,114.72274,32.87558,62.816975,52.778805,77.006218,60.669666,50.957073,61.453197
2017-07-14,55.413834,35.849808,115.127045,33.234875,62.698208,53.234482,77.877686,61.167858,51.334164,62.535637
2017-07-17,55.640415,35.938694,116.921745,33.664036,63.39101,53.640621,78.551094,61.446842,51.393707,62.939091
2017-07-18,55.738934,35.543655,114.860794,33.644073,63.638439,53.165134,78.897697,60.61985,50.599831,62.565159
2017-07-19,56.31031,35.681919,115.136902,33.813744,63.638439,53.343441,79.244301,60.908798,52.16774,63.450798
2017-07-20,56.46793,36.067081,116.606194,33.853661,64.054115,53.660431,80.214806,60.709522,51.522709,63.470474
2017-07-21,56.45808,36.057205,116.833,34.322742,64.934959,53.838737,81.125885,61.656086,51.6021,63.204784
2017-07-24,56.320156,35.780678,117.947289,33.833702,63.89576,53.967518,80.145485,61.387062,51.612022,63.283504
2017-07-25,56.576294,35.770802,119.337677,36.169128,63.89576,54.601498,79.977142,62.493046,52.128044,63.854244
2017-07-26,57.05901,37.558353,119.031998,36.887718,64.608353,54.611404,80.561417,62.801922,52.207432,64.621796
2017-07-27,57.088562,38.921238,120.432259,36.368732,64.964645,54.968018,80.016754,63.13073,52.663914,66.117538
2017-07-28,56.556618,38.516323,120.718224,36.987522,60.659405,54.809525,80.264328,62.772034,52.445595,65.103981
2017-07-31,56.418194,38.516323,120.20546,37.097305,63.707718,55.136417,80.313835,63.13073,52.425751,65.163017
2017-08-01,57.090546,38.397812,119.061569,36.907677,66.864891,54.680744,80.591125,62.672394,52.118122,66.225784
2017-08-02,56.457741,37.79538,119.130608,36.797894,66.459114,55.542561,81.205116,63.399754,52.306667,65.04493
2017-08-03,56.398415,37.805252,119.485596,36.51844,64.667732,55.691151,79.868202,63.011166,52.60437,65.074448
2017-08-04,56.80381,37.953392,119.781433,36.079304,63.133682,55.641617,80.294037,63.070946,52.773071,65.664879
2017-08-07,56.80381,38.042278,120.866135,36.099262,62.628929,55.849644,81.015701,66.657921,52.832615,65.674721
2017-08-08,56.655491,37.884262,120.096985,35.670105,62.995125,55.255287,80.936066,64.784721,52.842533,65.477913
2017-08-09,56.833466,37.884262,121.268082,36.0294,62.054897,55.245384,81.304367,64.426025,52.802841,65.792809
2017-08-10,56.378643,37.71637,120.801628,36.368732,61.371994,55.76049,80.98584,64.635269,52.842533,65.349991
2017-08-11,55.844715,37.627483,121.357399,36.458557,60.065575,56.057671,80.348778,65.312805,53.19978,64.07074
2017-08-14,56.675266,38.022526,122.081894,35.949558,61.174057,56.86005,80.955978,65.611717,53.437943,65.400169
2017-08-15,56.329205,37.686741,121.992569,35.700047,61.154263,56.770897,81.384003,65.721321,53.318863,64.546951
2017-08-16,56.962006,37.755875,122.25061,36.059341,61.411583,56.988827,81.214775,65.412445,53.576874,65.003319
2017-08-17,56.54673,37.133686,121.734535,35.979496,60.313004,57.02845,80.955978,64.665161,53.5471,64.814827
2017-08-18,56.210552,36.90654,120.98027,35.75993,60.20414,56.602493,81.065468,64.904289,53.279167,64.169952
2017-08-21,57.22897,37.113937,120.930641,36.538403,59.887428,56.751083,81.70253,64.874397,53.408173,65.013245
2017-08-22,56.734596,37.508972,118.955658,36.428616,59.738976,56.95911,81.812019,64.714973,53.586796,64.775139
2017-08-23,57.446491,37.449718,117.953278,36.907677,59.392574,57.137417,81.423813,64.326385,53.775341,65.25135
2017-08-24,56.853245,37.212696,106.698837,36.74799,59.570721,55.156231,81.294411,63.628922,52.078426,64.745377
2017-08-25,57.387173,37.518852,104.356644,36.91766,59.461857,54.502438,81.583076,63.021126,51.006691,65.231514
2017-08-28,56.566502,37.469471,104.604759,38.225098,59.966606,53.769398,81.622894,62.323658,50.351742,63.832626
2017-08-29,56.497288,37.380585,103.910034,37.965607,59.323292,53.422691,80.98584,61.954998,50.421207,62.880203
2017-08-30,56.489353,37.202816,103.453506,37.985569,59.13525,53.244385,80.47818,62.490002,49.86549,63.128231
2017-08-31,57.124512,36.995422,103.969589,38.265018,59.75877,52.758991,80.527954,63.299999,45.846481,63.812786
2017-09-01,57.422245,37.015175,104.048981,38.584393,59.521236,53.214668,80.458275,64.529999,45.052605,64.169952
2017-09-05,57.878761,36.630013,105.279633,38.674217,59.234219,53.214668,80.448318,64.470001,46.312881,64.011208
2017-09-06,57.739822,36.116463,105.408646,38.304943,59.412369,54.185448,80.47818,64.949997,47.166302,64.209633
2017-09-07,58.265812,35.158489,105.220078,39.522552,58.966999,54.145824,81.125191,64.650002,47.027374,64.289009
2017-09-08,58.881123,35.148617,106.331627,39.233124,59.23,54.82933,81.583076,65.389999,47.553318,63.673893
2017-09-11,59.000214,35.296757,106.291931,38.145256,59.630001,55.255287,82.538658,65.5,47.364773,64.487427
2017-09-12,58.47422,35.810303,106.937027,38.274998,59.060001,55.037361,81.374046,65.82,47.017452,63.415939
2017-09-13,58.345207,36.09671,106.24231,37.880001,59.189999,54.769897,80.98584,65.949997,47.325077,63.138149
2017-09-14,58.950592,35.86956,107.67144,38.060001,59.619999,54.532154,81.891647,66.32,47.384621,64.95372
2017-09-15,59.446812,36.639885,109.38839,37.849998,59.84,55.275101,82.299767,66.870003,48.357121,64.487427
2017-09-18,59.109383,36.955917,110.222054,37.779999,58.73,55.899174,81.861786,67.410004,47.702171,63.445705
2017-09-19,58.355129,37.736122,108.683746,38.09,58.209999,54.859051,81.941422,66.209999,46.957912,62.969494
2017-09-20,57.898609,37.953392,105.845329,37.630001,57.799999,51.679245,82.021057,65.779999,46.154106,62.116272
2017-09-21,57.471867,37.745998,105.120834,37.43,57.18,51.203762,81.413864,65.330002,45.310612,61.927769
2017-09-22,57.134434,38.111408,103.800865,37.889999,55.220001,50.748089,81.652756,65.410004,44.784668,61.630135
2017-09-25,57.491711,38.634834,104.773476,38.630001,56.32,51.778305,82.100693,65.650002,46.223576,62.225407
2017-09-26,57.898609,38.239799,105.279633,37.970001,55.57,51.481129,81.901604,65.830002,46.312881,62.592487
2017-09-27,56.876404,38.289177,105.994194,37.209999,51.220001,51.936802,80.627495,66.18,46.689976,61.372189
2017-09-28,57.382545,38.555828,104.326874,37.619999,50.990002,51.768398,80.736984,65.449997,46.689976,61.649979
2017-09-29,56.966183,38.684216,104.138306,37.509998,48.490002,51.273102,80.53791,70.449997,46.461735,61.55077
2017-10-02,56.846653,38.624962,103.929886,37.880001,48.580002,51.322636,81.393951,70.989998,46.501431,61.610294
2017-10-03,56.826729,38.990372,103.503136,38.23,48.549999,50.837242,81.374046,71.339996,45.836555,61.888088
2017-10-04,56.926342,39.010124,104.227623,38.080002,48.419998,51.520752,82.130554,71.639999,46.203728,62.374222
2017-10-05,56.806808,39.019997,104.803246,37.950001,48.43,51.599998,82.528709,71.07,46.233498,62.602406
2017-10-06,56.258961,38.59,103.453506,38.060001,48.360001,51.400002,82.389351,70.660004,46.124336,61.808716
2017-10-09,56.308765,38.299999,102.123619,38.279999,48.799999,50.189999,82.827332,70.639999,45.161758,62.136116
2017-10-10,56.388454,38.5,102.907661,37.900002,49.110001,50.950001,83.683372,70.110001,45.886177,63.068703
2017-10-11,56.448215,38.189999,103.483276,38.080002,49.580002,50.869999,84.051674,70.040001,45.390003,63.406021
2017-10-12,56.527905,35.860001,105.210159,38.389999,49.599998,51.27,84.708633,70.800003,45.990002,63.534996
2017-10-13,56.647434,35.700001,104.316948,38.59,49.849998,51.529999,84.629005,70.209999,46.18,64.160027
2017-10-16,56.677319,36.169998,105.16053,37.990002,49.169998,51.810001,84.81813,70.550003,46.650002,63.723503
2017-10-17,56.866573,36.23,103.86042,38.349998,49.130001,51.700001,85.634361,70.940002,46.139999,64.546951
2017-10-18,56.069706,35.709999,103.354263,37.860001,49.130001,52.25,85.823486,71.550003,45.639999,64.249321
2017-10-19,55.990017,35.689999,103.215317,37.84,48.650002,52.029999,86.838791,71.410004,45.369999,63.872311
2017-10-20,55.322639,35.540001,103.433662,37.790001,49.040001,52.009998,87.356407,71.540001,45.970001,63.148075
2017-10-23,55.252914,35.25,103.999359,37.369999,48.349998,51.669998,87.326546,71.519997,46.450001,63.237362
2017-10-24,54.744907,34.860001,103.632149,37.130001,48.290001,51.790001,86.420731,71.160004,46.130001,62.860359
2017-10-25,54.256828,33.490002,103.145851,36.75,47.57,51.529999,86.53022,71.089996,46.209999,62.43375
2017-10-26,53.230858,33.68,103.354263,35.810001,47.830002,51.759998,87.087646,71.300003,47.52,61.888088
2017-10-27,53.718941,33.970001,102.927505,35.799999,46.5,51.57,87.266815,71.040001,48.130001,62.026981
2017-10-30,53.958,33.540001,101.14109,36.23,45.91,50.66,87.356407,71.470001,46.360001,61.749191
2017-10-31,53.669998,33.650002,105.249855,36.16,43.139999,51.919998,87.356407,72.910004,47.369999,61.064632
2017-11-01,53.93,33.549999,104.426117,35.689999,42.630001,52.029999,86.808929,73.309998,47.529999,61.630135
