Date,CFG,PRU,PNC,RF,MTB,SCHW,HBAN,RJF,USB,KEY
2015-12-31,25.223381,76.878365,91.055138,9.210814,116.7099,32.366974,10.564028,56.633022,40.949497,12.660483
2016-01-04,24.847776,75.395737,89.001122,9.057302,113.146385,31.433214,10.22017,55.040615,39.807476,12.439717
2016-01-05,24.732206,75.140785,89.125336,9.038113,113.7724,31.334923,10.239275,55.157845,39.999416,12.334134
2016-01-06,24.346972,72.638283,87.510765,8.884599,111.470558,30.263559,10.076897,53.008583,39.394814,12.113368
2016-01-07,23.682432,69.682526,85.294327,8.596762,108.330826,28.681091,9.771247,50.820244,38.646267,11.691033
2016-01-08,22.940855,68.983719,84.033272,8.404868,106.106026,28.504162,9.599319,49.657692,38.099247,11.441468
2016-01-11,23.0179,68.832626,84.338974,8.328113,105.104393,28.248611,9.647078,50.087543,38.252796,11.460665
2016-01-12,23.0179,69.04982,85.02684,8.38568,106.414215,28.740065,9.723491,49.530693,38.982155,11.566251
2016-01-13,22.362997,67.822182,82.552467,7.992301,102.78331,27.236219,9.312773,47.40097,37.437069,11.211103
2016-01-14,22.05481,68.058258,83.484665,8.021085,103.255226,27.63921,9.408289,48.2509,38.319977,11.355082
2016-01-15,21.496216,66.264023,82.965714,7.867571,100.635567,26.55802,9.150397,47.127426,37.475452,11.04793
2016-01-19,21.409538,65.433014,82.004677,7.752437,102.426949,26.05674,9.054879,47.273968,37.552235,10.875154
2016-01-20,20.802792,63.610447,80.889877,7.579733,100.866714,24.83794,8.844747,46.179798,37.302711,10.750374
2016-01-21,20.542753,64.337585,80.85144,7.512571,98.468544,23.963156,8.596406,43.659298,36.966827,10.721579
2016-01-22,20.013054,65.980743,82.398705,7.608518,100.722237,25.388365,8.739678,44.411537,37.782555,10.865556
2016-01-25,19.059591,64.101509,79.505997,7.263112,98.035156,24.739651,8.405375,41.812889,36.746101,10.414426
2016-01-26,19.541142,65.263031,81.158966,7.502977,101.781662,25.014864,7.689007,42.174358,37.446671,10.500811
2016-01-27,20.427185,64.696434,81.735588,7.627706,103.58268,24.818281,7.889589,42.447903,37.600216,10.481614
2016-01-28,20.93762,65.008064,81.601044,7.685275,104.208694,24.395634,8.099725,41.734734,37.638603,10.635191
2016-01-29,20.465708,66.179039,83.273239,7.790815,106.115662,25.093494,8.195241,42.799599,38.444733,10.711978
2016-02-01,20.013054,65.697426,82.735054,7.618112,104.170189,24.847769,8.252549,43.229446,38.195213,10.635191
2016-02-02,19.55821,63.487679,80.534302,7.32068,101.666077,23.697773,8.032864,40.933651,37.187553,10.328038
2016-02-03,19.403372,63.072178,80.582352,7.502977,102.253578,23.963156,8.137933,40.738262,37.696186,10.347234
2016-02-04,19.577564,63.251606,81.581825,7.579733,104.199081,24.543066,8.281204,42.272049,38.492718,10.472017
2016-02-05,19.209822,61.71233,80.313263,7.483788,103.823448,23.943499,8.195241,42.399055,38.473526,10.366432
2016-02-08,18.580784,59.804775,78.583412,7.224735,101.993546,23.206326,8.032864,40.972717,37.9361,10.126469
2016-02-09,18.919495,60.050301,78.996651,7.339869,103.55378,22.940939,8.071071,41.422119,37.811352,10.212855
2016-02-10,18.251751,60.494141,78.333542,7.205544,101.579414,22.369385,7.994658,40.8848,37.465858,10.097672
2016-02-11,17.554972,54.771465,75.123711,6.792977,97.062408,21.896376,7.650801,39.497551,35.939972,9.598548
2016-02-12,18.280781,58.208843,77.776131,7.291896,102.02243,22.487638,8.061518,40.054401,37.523441,10.068876
2016-02-16,18.735626,59.908646,80.024948,7.522166,104.863609,23.236568,8.348064,41.246265,38.569489,10.472017
2016-02-17,19.01627,62.892742,80.784172,7.502977,104.526527,24.123459,8.37672,42.311131,38.502312,10.491213
2016-02-18,18.493685,62.458355,79.361839,7.311085,102.243965,23.808123,8.137933,42.223202,37.89772,10.212855
2016-02-19,18.619493,62.382,79.592491,7.339869,103.101135,24.084042,8.281204,42.858212,37.868923,10.270446
2016-02-22,19.16143,63.069195,81.158966,7.579733,105.402962,24.182587,8.443581,43.219681,38.60788,10.491213
2016-02-23,18.745302,61.647083,79.582886,7.263112,102.060966,23.778559,8.223895,42.438126,37.302711,10.203257
2016-02-24,18.387234,61.76162,79.092766,7.119193,100.982277,23.335114,8.157035,41.930119,36.890053,10.11687
2016-02-25,18.561428,63.059647,79.707817,7.205544,101.406052,23.739143,8.252549,43.082909,37.561832,10.260848
2016-02-26,19.103369,63.93774,80.697685,7.435815,103.015518,25.089188,8.548648,43.923073,37.70578,10.362345
2016-02-29,18.609816,63.078735,78.141342,7.215139,99.428162,24.685156,8.357616,42.828903,36.966827,10.198016
2016-03-01,19.616276,67.106468,81.187798,7.656491,101.997475,26.005642,8.768333,44.714397,38.291187,10.536338
2016-03-02,20.284019,67.535965,82.302597,7.790815,105.565453,26.350544,8.8734,45.056316,38.895779,10.932659
2016-03-03,20.748545,68.59539,83.205963,7.944328,106.505905,26.715157,9.1695,45.251717,39.126102,11.087321
2016-03-04,21.22274,68.213623,83.897911,8.04987,106.874352,26.754574,9.236361,45.193092,39.375626,11.164653
2016-03-07,20.835644,68.843536,83.571152,8.040274,106.370178,27.12904,9.150397,45.378708,39.126102,11.058323
2016-03-08,20.245314,67.106468,81.754799,7.723653,104.53772,26.281565,8.93071,44.352921,38.243202,10.72
2016-03-09,20.032408,67.201912,81.322342,7.607653,104.712242,26.163311,8.921159,44.440849,38.156826,10.536338
2016-03-10,20.332411,67.345078,81.822083,7.704319,104.508636,26.252001,9.112191,44.450619,37.916904,10.594337
2016-03-11,21.203386,70.198845,83.032974,7.965319,107.931168,27.78928,9.379633,46.355644,38.828598,10.845663
2016-03-14,21.377581,69.673904,82.475586,7.936319,108.173561,27.434525,9.303222,46.160259,38.857399,10.768332
2016-03-15,21.474354,69.120323,82.446754,7.839652,107.989349,27.335978,9.226809,45.271244,39.145298,10.797331
2016-03-16,20.913063,69.253944,81.389626,7.752653,107.291267,26.527922,9.120975,45.212631,38.90538,10.642669
2016-03-17,21.02919,70.017502,81.879745,7.84932,107.698471,27.266998,9.188323,46.111412,39.049332,10.758665
2016-03-18,21.367901,71.525505,82.802322,7.955651,109.1819,27.956804,9.303779,46.951572,39.653931,11.009991
2016-03-21,21.290483,71.153282,82.840767,7.936319,109.094635,27.868114,9.323021,47.127426,39.711514,11.048657
2016-03-22,21.22274,70.742874,82.50441,7.907319,109.017075,27.996222,9.332643,47.00042,39.653931,11.029323
2016-03-23,20.990479,69.511658,82.023903,7.810652,108.561378,27.621761,9.265294,46.277489,39.529163,10.884329
2016-03-24,20.893705,67.535965,81.495331,7.79132,107.863304,27.680883,9.226809,45.818333,39.135696,10.816663
2016-03-28,20.700153,68.729019,81.57222,7.781653,107.940865,27.680883,9.169081,45.96487,39.049332,10.806997
2016-03-29,20.516283,68.261337,81.178192,7.636653,107.766342,27.611902,9.169081,46.629189,39.005871,10.652336
2016-03-30,20.564672,69.626183,82.023903,7.636653,108.561378,27.759718,9.226809,46.84502,39.585316,10.777998
2016-03-31,20.274347,68.929443,81.2743,7.58832,107.620918,27.611902,9.178702,46.707672,39.19902,10.671667
2016-04-01,20.661446,69.912506,81.966225,7.626986,108.997673,27.966661,9.197946,46.884262,39.305252,10.604004
2016-04-04,20.816284,68.986694,81.995064,7.607653,108.764992,27.582338,9.149839,46.344681,39.285934,10.594337
2016-04-05,20.090475,67.955925,79.707817,7.404653,106.631966,26.991077,9.053625,45.147812,38.677525,10.439676
2016-04-06,20.651768,68.566742,80.534302,7.549653,107.494881,27.424671,9.178702,46.276009,38.716152,10.623337
2016-04-07,20.119507,66.820137,78.295105,7.346653,104.528015,26.005642,8.947792,43.636997,37.760078,10.304347
2016-04-08,20.196928,66.972839,78.631454,7.41432,105.546059,26.222437,8.976654,43.784153,38.030487,10.362345
2016-04-11,20.361444,68.280434,78.72757,7.50132,106.428345,26.646177,9.024761,44.255058,38.175343,10.526672
2016-04-12,20.816284,69.931602,79.630928,7.704319,108.057205,27.050205,9.207566,45.353828,38.880325,10.652336
2016-04-13,21.871132,72.31768,82.357819,8.119986,112.013008,28.203167,9.525067,47.541565,39.691544,11.116322
2016-04-14,22.084034,72.813995,81.893677,8.197317,112.682007,28.321415,9.61166,47.531757,39.865372,11.338647
2016-04-15,21.822742,72.546745,81.381172,8.44865,111.314919,28.114475,9.553932,46.727299,39.691544,11.309648
2016-04-18,21.987261,73.1576,82.203102,8.467985,112.284485,28.429811,9.582796,46.727299,39.797771,11.396646
2016-04-19,22.355009,73.968872,83.421501,8.680651,114.262383,28.350979,9.727115,47.394405,40.473782,11.580306
2016-04-20,22.606621,75.29554,84.842957,8.854651,116.599014,28.666319,9.890677,48.032085,41.265678,11.734968
2016-04-21,22.771139,75.009201,84.620552,8.864318,114.698677,28.705732,9.83295,52.211346,41.101513,11.879965
2016-04-22,22.858236,75.954094,85.181404,9.02865,115.416145,29.287138,9.861814,52.898083,41.816147,12.160289
2016-04-25,22.625977,75.257347,84.813957,8.989984,115.270721,29.198452,9.775221,52.486042,41.574711,11.995959
2016-04-26,22.790491,76.078178,85.94532,9.08665,115.98819,29.425104,9.871435,53.064865,41.883747,12.150622
2016-04-27,22.858236,76.020905,86.051689,9.270317,116.76384,29.464521,9.881057,52.84903,42.038269,12.150622
2016-04-28,22.490492,74.388817,85.278099,9.105984,115.513115,28.55792,9.736737,51.867985,41.651978,12.005627
2016-04-29,22.11307,74.102478,84.881645,9.067318,114.718079,27.996222,9.679008,51.181252,41.227051,11.879965
2016-05-02,22.434113,75.085548,85.007362,9.134983,115.328903,28.370689,9.804086,51.799309,41.497459,12.044292
2016-05-03,21.89904,73.940239,84.001694,8.931983,113.137695,27.592194,9.630903,50.386604,41.043568,11.783299
2016-05-04,21.393156,72.794907,82.551224,8.73865,110.645943,27.138895,9.486583,50.072666,40.290295,11.493308
2016-05-05,21.509897,72.374962,82.531876,8.73865,110.742889,27.138895,9.496203,50.043236,40.222694,11.473976
2016-05-06,21.490438,72.584938,82.783287,8.777317,111.198586,26.912245,9.505826,49.827408,40.34824,11.483642
2016-05-09,21.256954,72.184074,82.183769,8.748318,110.422935,26.872826,9.419234,49.40556,40.116463,11.406312
2016-05-10,21.753113,73.644356,83.730927,8.922318,112.265091,27.602049,9.61166,51.269543,40.618645,11.628638
2016-05-11,21.597454,72.73764,83.489182,8.912651,111.954834,27.453865,9.592419,50.24926,40.435154,11.560973
2016-05-12,21.169397,72.947617,83.334465,8.82565,111.605797,27.602049,9.515447,50.317928,40.50275,11.483642
2016-05-13,20.819168,71.964561,81.942009,8.690319,109.783028,27.197006,9.303779,49.454605,40.010235,11.280649
2016-05-16,21.120754,72.489487,82.628578,8.748318,110.578072,27.355072,9.409612,49.807789,40.261326,11.502975
2016-05-17,21.227766,72.451309,82.41584,8.864318,109.724854,27.582289,9.399992,49.837215,39.32457,11.541641
2016-05-18,22.502211,75.419609,85.461823,9.31865,113.186165,28.935719,9.900298,51.6031,40.193722,12.102291
2016-05-19,22.278454,74.255196,84.978325,9.154316,112.294182,28.609711,9.83295,50.592621,40.097149,11.976628
2016-05-20,22.356283,74.804169,85.278099,9.192984,112.846825,29.083902,9.842571,51.397079,40.309612,12.063624
2016-05-23,22.346554,74.351501,84.920319,9.154316,112.303871,28.92584,9.813707,51.328403,40.232349,12.063624
2016-05-24,22.618954,75.81543,86.090363,9.328317,114.213905,29.854467,9.986891,52.544907,40.831104,12.324616
2016-05-25,23.04701,76.749641,87.250748,9.521649,115.37738,30.269388,10.217801,53.270878,41.487797,12.52761
2016-05-26,22.716242,75.574646,86.535172,9.405648,114.86351,29.785315,10.063859,53.447468,41.207733,12.405982
2016-05-27,22.94973,76.605164,87.260422,9.540982,116.424026,30.25951,10.179316,54.340225,41.478146,12.532475
2016-05-31,22.910814,76.325867,86.776932,9.502316,116.550804,30.210117,10.054238,55.007336,41.3526,12.474094
2016-06-01,22.959455,75.911736,86.776932,9.598983,116.326477,30.437332,10.111966,55.14468,41.526428,12.542206
2016-06-02,23.183212,75.825066,87.038017,9.66665,117.116501,30.466972,10.160074,55.507671,41.58437,12.610316
2016-06-03,22.511942,73.311363,85.645561,9.405648,115.370674,28.866566,9.967648,54.291172,40.918022,12.367062
2016-06-06,22.832981,74.418915,86.960655,9.618315,117.018967,29.43955,10.131208,55.125061,41.410542,12.493555
2016-06-07,22.842714,73.985535,86.158058,9.502316,115.565735,29.143177,10.015754,54.271549,41.198082,12.347602
2016-06-08,22.823256,73.975899,86.544853,9.555837,116.092407,29.093784,9.958027,54.134201,41.342945,12.357332
2016-06-09,22.258999,72.377151,85.413475,9.439065,115.448692,28.738136,9.784843,53.202209,41.082199,12.104348
2016-06-10,21.850395,70.826553,84.127403,9.263907,114.648941,28.105879,9.573174,51.858177,40.522072,11.919475
2016-06-13,21.480713,70.422058,83.489182,9.108212,114.785477,27.799627,9.486583,51.269543,40.251667,11.754062
2016-06-14,20.731609,69.32412,81.622917,8.845474,112.669037,27.641563,9.120975,50.396416,39.778461,11.335663
2016-06-15,20.780254,69.121864,81.439186,8.855206,113.38102,28.115759,9.169437,51.014473,39.614285,11.345393
2016-06-16,20.371655,69.092972,81.100739,8.728703,113.234718,28.165154,9.024046,50.985043,39.652916,11.2189
2016-06-17,20.527311,69.526375,80.917023,8.845474,114.317322,28.036726,9.014354,51.053719,39.701202,11.306472
2016-06-20,20.731609,70.508728,81.245796,8.923323,114.50264,28.303461,8.994967,51.661964,39.80743,11.287013
2016-06-21,20.965096,70.999916,81.738945,8.923323,114.961044,28.036726,8.975581,51.42651,39.952293,11.316202
2016-06-22,20.789984,71.298477,81.961357,8.874668,114.434364,27.997211,8.93681,51.642342,39.932976,11.25782
2016-06-23,21.519629,74.110725,83.808296,9.19579,117.448097,29.330879,9.140361,52.95694,40.782818,11.666489
2016-06-24,19.408522,68.293594,78.402863,8.300538,109.860115,25.8337,8.345546,47.963417,38.494038,10.771311
2016-06-27,17.939507,64.460449,75.308517,7.697217,106.095375,23.7591,7.841517,46.119045,37.364128,10.012357
2016-06-28,18.455122,66.165138,76.362541,8.008609,108.79702,24.26293,8.112918,46.393738,37.991158,10.382105
2016-06-29,18.990194,67.552002,77.687294,8.193497,110.679375,24.99398,8.248619,47.763184,38.574444,10.528057
2016-06-30,19.43771,68.707726,78.702629,8.281077,115.312157,25.003857,8.665409,48.57106,39.206329,10.751853
2016-07-01,19.116667,68.38028,78.25782,8.135112,114.161285,24.806278,8.558788,47.910969,38.943859,10.66428
2016-07-05,18.387022,66.203667,76.227158,7.804258,110.084435,24.045591,8.248619,46.462704,37.971718,10.391835
2016-07-06,18.474579,66.588898,76.758995,7.969685,110.620857,24.371599,8.258311,47.172062,38.107819,10.508597
2016-07-07,18.892908,66.492592,76.865372,8.028071,111.381607,24.954466,8.316467,48.216385,38.136982,10.64482
2016-07-08,19.311239,68.370636,77.958054,8.212958,113.078682,25.418776,8.452168,49.300121,38.973019,10.790773
2016-07-11,19.573912,69.160393,78.383522,8.339461,113.654106,25.468174,8.578175,49.467606,39.177166,10.917266
2016-07-12,19.885223,70.778404,79.621269,8.592468,115.185356,26.436321,8.820497,51.280403,39.536858,11.16052
2016-07-13,20.001968,70.402786,79.389183,8.621662,115.04882,26.110313,8.80111,50.649868,39.497971,11.248093
2016-07-14,20.420296,72.251945,80.664474,8.835743,116.511795,26.594385,8.946502,51.408478,40.100697,11.462155
2016-07-15,20.410566,72.338623,79.885674,8.874668,116.121666,26.703056,8.975581,52.029167,40.72287,11.384315
2016-07-18,20.410566,72.617928,79.914879,8.913591,115.604752,26.772209,9.014354,52.403545,40.713154,11.413504
2016-07-19,20.459209,72.3964,80.187462,8.641124,115.79982,27.147614,8.985275,52.107983,40.80064,11.403774
2016-07-20,20.741341,72.752762,80.411362,8.680047,111.001244,27.582289,8.956195,52.659706,40.80064,11.501077
2016-07-21,21.09157,72.64682,80.265335,8.699509,109.947899,27.523016,8.878653,52.876446,40.713154,11.364853
2016-07-22,21.208313,72.964645,80.635269,8.787088,111.654709,27.839144,8.994967,53.063644,41.014511,11.491345
2016-07-25,21.43207,72.752762,80.567131,8.728703,110.562347,27.918179,9.014354,53.231121,40.80064,11.364853
2016-07-26,21.879581,73.089844,80.498985,8.903859,111.625443,28.303461,9.120975,53.654762,40.80064,11.296741
2016-07-27,21.967138,72.637177,80.430832,8.855206,112.093597,28.362734,9.130668,53.910927,40.83952,11.340852
2016-07-28,21.84067,72.974266,80.820236,8.913591,111.996071,28.362734,9.169437,54.098114,40.907574,11.419268
2016-07-29,21.723923,72.511986,80.460037,8.923323,111.732727,28.076244,9.20821,54.088264,40.995064,11.468276
2016-08-01,21.714144,72.088219,80.23613,8.777358,109.996658,27.997211,9.091895,53.506985,40.518723,11.252633
2016-08-02,21.567427,71.240692,79.496277,8.660585,109.235909,27.592169,8.985275,52.708965,40.275688,11.223228
2016-08-03,21.968452,73.340256,81.628242,8.796819,111.08902,28.046604,9.091895,53.605507,40.956184,11.438871
2016-08-04,22.115171,70.152382,81.657448,8.796819,111.157295,28.145395,9.062818,53.546391,40.858967,11.497683
2016-08-05,22.878101,73.224678,84.14962,9.137403,114.307571,29.56798,9.45053,54.876431,41.772778,12.017185
2016-08-08,22.936789,74.447823,84.198288,9.137403,114.824501,29.696404,9.440838,55.063622,41.74361,11.928968
2016-08-09,22.975914,74.621178,83.964653,9.117942,114.658691,29.726042,9.402067,54.984806,41.636677,11.997581
2016-08-10,22.741165,73.369141,83.127434,9.010901,113.69313,29.270548,9.246982,54.837025,41.315872,11.879959
2016-08-11,22.887882,73.686974,83.234528,9.049825,113.907692,29.62702,9.276059,55.339481,41.626953,11.879959
2016-08-12,22.760727,72.733498,82.747772,8.981708,113.439529,29.409176,9.188825,55.270519,41.539463,11.752533
2016-08-15,23.02482,73.879593,83.361069,9.302832,115.185356,29.914181,9.382682,56.127659,41.782497,11.958375
2016-08-16,22.878101,73.898857,83.400017,9.283368,114.473389,29.844866,9.34391,55.861649,41.821384,11.928968
2016-08-17,22.927008,74.197418,83.507103,9.2931,114.570915,29.815161,9.363296,55.595638,42.015812,11.948571
2016-08-18,22.878101,73.696602,83.195587,9.370948,114.990303,29.894379,9.217903,55.428154,42.015812,11.968176
2016-08-19,23.063942,74.046516,83.156639,9.429333,114.756226,30.151833,9.217903,55.319782,42.142193,11.98778
2016-08-22,22.985693,73.939598,83.263725,9.400142,114.970787,29.884478,9.353601,55.211407,42.161629,11.93877
2016-08-23,23.015036,74.31868,83.438965,9.409873,115.097595,30.122128,9.34391,55.497124,42.229683,11.899564
2016-08-24,22.975914,74.561676,83.400017,9.370948,114.307571,29.933987,9.217903,55.369041,42.035255,11.84075
2016-08-25,23.122629,75.125443,83.594727,9.390409,114.551399,30.191441,9.305139,55.753277,42.1908,12.017185
2016-08-26,23.592125,75.397591,84.392998,9.526644,114.795235,30.646936,9.392374,56.324699,42.1908,12.075997
2016-08-29,23.924683,76.408463,85.590408,9.59476,115.292656,30.745956,9.460223,56.502037,42.618538,12.075997
2016-08-30,24.188774,77.331848,86.515228,9.701802,115.72435,31.300472,9.586231,57.329617,42.851849,12.24263
2016-08-31,24.227901,77.156898,87.712639,9.701802,116.097183,31.151941,9.702545,57.309906,42.919903,12.311244
2016-09-01,23.983372,76.632011,87.60556,9.58503,115.106232,30.676641,9.65408,56.807453,42.803242,12.193621
2016-09-02,24.13987,77.263817,88.140976,9.662878,115.125847,30.963802,9.712238,57.231094,42.929623,12.301442
2016-09-06,23.768187,76.38903,87.109077,9.623953,113.614922,30.42909,9.557152,56.699078,42.637981,12.105403
2016-09-07,24.032276,76.311264,88.02417,9.756191,113.811142,30.468699,9.595923,57.152275,42.44355,12.125008
2016-09-08,24.374619,76.486229,88.3162,9.726805,114.017174,30.617229,9.586231,57.162132,42.618538,12.154413
2016-09-09,24.267023,76.962509,87.537415,9.628851,114.880569,30.349874,9.557152,56.5513,42.20052,12.017185
2016-09-12,24.521332,77.506821,88.49144,9.71701,115.90094,30.56772,9.692853,57.270508,42.579655,12.370055
2016-09-13,24.081182,76.690346,87.537415,9.413354,113.948502,30.14193,9.576538,55.989731,42.025532,12.075997
2016-09-14,23.865995,77.331848,86.924103,9.325195,113.389244,29.914181,9.498996,55.615349,41.724163,11.977978
2016-09-15,23.944246,78.19693,87.926819,9.432944,113.467751,30.627134,9.55757,56.541443,41.831104,12.125008
2016-09-16,23.572563,77.195786,87.021446,9.364376,112.643593,30.23105,9.498995,55.516819,41.413086,12.017185
2016-09-19,23.660595,77.604012,87.722374,9.462331,112.859444,30.587523,9.489233,55.615349,41.665844,12.017185
2016-09-20,23.641029,77.710938,87.965752,9.452534,113.153786,30.448893,9.479469,56.127659,41.821384,11.948571
2016-09-21,23.777966,78.439926,88.335686,9.481921,113.5168,30.825172,9.498995,56.925678,42.054695,11.997581
2016-09-22,23.709499,77.895622,87.615295,9.57008,114.350769,30.934097,9.645433,57.782818,41.967197,12.095601
2016-09-23,23.875776,78.090012,87.040924,9.579875,114.910004,30.369678,9.664959,57.152275,41.76305,12.066195
2016-09-26,23.435627,77.186066,85.444374,9.364376,112.005867,30.161734,9.381844,55.812386,41.286709,11.772138
2016-09-27,23.777966,78.401047,86.203712,9.511307,113.350006,30.42909,9.508758,56.157211,41.704727,11.909364
2016-09-28,23.875776,79.363327,87.040924,9.628851,113.526611,30.755859,9.684484,56.728642,41.890648,11.997581
2016-09-29,23.523657,77.730377,86.63205,9.472126,112.3787,30.389481,9.479469,56.00692,41.567734,11.811345
2016-09-30,24.169212,79.363327,87.702904,9.668033,113.909248,31.260866,9.625909,57.54921,41.968929,11.928968
2016-10-03,24.061623,79.14949,87.031189,9.71701,113.026237,31.171747,9.567334,57.37125,41.74387,11.909364
2016-10-04,24.443083,80.277,88.102036,9.873735,114.282089,31.538122,9.645433,57.895241,41.929787,12.164214
2016-10-05,25.010391,82.415398,89.095009,10.09903,115.832268,32.290684,9.899262,58.804794,42.712612,12.507284
2016-10-06,25.127766,82.629227,89.387062,10.108825,116.106979,32.112446,9.918786,58.587296,42.947456,12.477876
2016-10-07,24.941923,82.162666,88.997658,10.11862,115.606613,32.082741,9.92855,58.290699,42.761532,12.428867
2016-10-10,24.981049,82.561188,89.260513,10.157802,115.665474,32.132248,9.918786,58.34013,42.859386,12.546491
2016-10-11,24.41374,82.007149,88.111771,10.050053,113.870003,31.587631,9.782111,57.638191,42.36034,12.487679
2016-10-12,24.697395,82.123795,87.985222,10.030461,114.654915,31.419298,9.733298,57.430576,42.467979,12.448471
2016-10-13,23.983372,81.336472,86.134033,9.746396,111.034538,31.122234,9.489233,56.758293,41.959145,12.066195
2016-10-14,24.247463,82.065468,86.222183,9.84435,111.721336,31.656948,9.586859,57.539326,41.929787,12.272037
2016-10-17,24.042057,82.143227,86.398483,9.805168,111.848885,31.37969,9.430656,57.381145,41.802578,12.105403
2016-10-18,24.306149,82.007149,88.014603,10.040257,113.094917,31.894596,9.567334,57.786488,42.086353,12.379859
2016-10-19,24.7463,82.133507,89.718872,10.324323,115.282837,32.221367,9.791873,58.320358,42.644115,12.664115
2016-10-20,24.990828,81.569748,91.383949,10.39289,116.607353,31.854988,9.899262,58.142403,43.006168,12.762135
2016-10-21,25.401636,80.82132,91.011757,10.422277,116.666237,31.954014,9.821161,58.083084,42.90831,12.781737
2016-10-24,25.773321,81.200401,91.109703,10.39289,116.676041,31.87479,9.860211,58.142403,43.074661,12.840549
2016-10-25,25.880915,80.568596,91.227242,10.402686,116.803596,31.399492,9.948074,57.885353,42.898525,13.595299
2016-10-26,26.281942,81.550316,92.343826,10.530025,117.922081,31.835188,10.445966,58.458771,43.280155,13.899159
2016-10-27,26.281942,82.395943,93.470215,10.618184,119.678314,31.845087,10.494781,61.256645,43.740059,13.987378
2016-10-28,25.773321,82.133507,93.146988,10.432072,119.766602,31.577732,10.30929,60.090034,43.681347,13.791337
2016-10-31,25.881407,82.415398,93.636719,10.490845,120.414154,31.389593,10.348341,59.437531,43.798767,13.840347
2016-11-01,26.3727,81.822472,93.607338,10.618184,120.571129,31.340078,10.30929,59.684692,43.505211,13.859952
2016-11-02,25.645586,81.44339,92.823761,10.294938,119.511505,30.755859,10.084751,58.172062,43.055092,13.673715
2016-11-03,25.812624,84.242744,92.951096,10.245959,119.119064,30.844978,10.006651,58.696045,43.104015,13.683517
2016-11-04,25.950188,83.387383,92.70623,10.304732,119.511505,30.597425,9.918786,58.41922,42.986599,13.771733
2016-11-07,26.873821,86.332527,94.420296,10.735729,122.523575,31.993618,10.2019,60.25811,43.955334,14.252028
2016-11-08,26.480785,86.264488,94.655357,10.667161,122.76886,32.09264,10.006651,60.614021,44.014042,14.124604
2016-11-09,27.709023,90.891182,99.1707,11.303861,129.057907,33.452164,10.65098,64.529068,45.667751,14.928363
2016-11-10,29.084648,95.002716,103.803558,11.930765,131.186966,34.990307,11.3246,66.575569,46.587566,15.477272
2016-11-11,29.330296,95.187393,103.754578,12.195239,133.433746,35.804035,11.422224,66.980919,46.871342,16.006578
2016-11-14,30.342361,95.916382,105.88002,12.998461,137.309219,36.478832,11.676052,69.294357,47.68351,16.457468
2016-11-15,30.40132,95.964996,106.546051,13.253139,136.22998,36.915466,11.676052,71.083801,47.654163,16.751524
2016-11-16,30.194975,94.90551,105.302132,12.626237,134.15979,36.419292,11.646763,70.836647,46.84198,16.398655
2016-11-17,31.177563,96.38295,108.328674,12.900507,137.269989,36.756691,11.939642,71.884613,47.63459,16.663307
2016-11-18,31.413383,97.058388,108.955536,12.988665,138.594482,37.193325,12.203232,72.448143,48.172779,16.673109
2016-11-21,31.374083,98.448433,108.436417,12.841734,138.39827,37.808582,12.144655,71.499039,48.221703,16.839745
2016-11-22,31.364256,98.174339,108.48539,12.880915,139.605057,37.947517,12.222757,72.497574,47.97707,16.839745
2016-11-23,31.835899,98.51696,108.85759,13.027845,140.860901,38.81086,12.310619,72.003258,48.290195,17.17301
2016-11-25,31.894854,98.663788,109.768494,13.086618,140.998291,38.691776,12.261807,71.677002,48.358692,17.069588
2016-11-28,31.226692,97.303116,107.545113,12.812348,138.064697,38.056667,11.968929,70.362083,47.849865,16.744545
2016-11-29,31.826071,97.665306,107.016197,12.910301,138.133362,38.165829,11.988455,70.292885,48.045567,16.754395
2016-11-30,32.926571,98.477806,108.269913,13.262936,141.929596,38.3643,12.164182,71.12336,48.554398,17.049885
2016-12-01,33.781429,100.30835,110.287605,13.556796,145.035599,39.307034,12.720648,72.804054,49.307865,17.591623
2016-12-02,33.555431,99.583969,108.798828,13.458842,144.118576,38.463531,12.632785,72.131767,48.926239,17.631021
2016-12-05,33.555431,100.543289,109.210197,13.733113,145.28212,38.701698,12.720648,72.685417,49.278507,17.434027
2016-12-06,34.095852,101.453667,109.200409,13.94861,146.83017,38.969635,12.906138,72.527229,49.640564,17.680271
2016-12-07,34.449589,103.245064,110.356171,14.229059,149.176926,39.068867,12.896374,72.813942,50.257034,17.975761
2016-12-08,34.921234,104.321854,112.462013,14.317622,151.356064,39.118488,13.14044,73.150085,50.785435,18.093962
2016-12-09,34.891747,103.783463,112.657898,14.366823,152.016708,39.019257,13.189253,72.309723,50.922436,18.182606
2016-12-12,34.400452,102.315102,111.727417,14.130656,150.665848,38.731468,12.984239,70.777321,50.472309,17.926514
2016-12-13,34.194115,102.618568,112.344475,14.061775,151.079971,38.652081,12.935426,70.787216,50.589733,17.808317
2016-12-14,34.027077,101.796288,111.854744,14.110976,150.725006,38.701698,12.788987,71.054153,50.619087,17.867414
2016-12-15,34.783669,104.821106,113.255379,14.288101,151.701187,39.118488,13.023288,71.686874,50.86372,18.093962
2016-12-16,34.705063,103.538734,112.50119,13.973211,150.360184,38.542923,12.787574,70.816872,50.628876,17.887115
2016-12-19,34.754189,103.675789,113.421898,14.051933,152.02655,38.453609,12.856324,70.708122,50.756081,17.896965
2016-12-20,35.451828,104.840675,115.645271,14.347142,154.826904,39.842907,13.121503,72.112007,51.411694,18.182606
2016-12-21,35.392876,104.223976,115.224106,14.29794,153.732407,39.674206,13.092039,71.815407,51.049641,18.04471
2016-12-22,35.373219,103.421272,115.018417,14.317622,153.850723,39.465813,13.092039,70.629028,51.030071,18.084108
2016-12-23,35.697475,103.959663,115.537529,14.327463,154.905792,40.011604,13.180432,70.98494,51.078995,18.192455
2016-12-27,35.825207,104.272919,115.880333,14.406184,155.89183,40.160454,13.200075,70.55983,51.186634,18.261404
2016-12-28,35.373219,102.745827,114.656006,14.199539,154.462067,39.584892,13.013467,69.324013,50.940681,17.985613
2016-12-29,34.66576,101.727768,113.715729,13.94369,153.456314,39.27726,12.846501,68.778549,50.468464,17.837868
2016-12-30,35.009663,101.864807,114.558075,14.130656,154.245132,39.168102,12.984003,68.699203,50.537327,17.995461
2017-01-03,35.235657,102.647934,115.547325,14.199539,154.550827,39.892521,13.082217,69.105827,50.62587,17.985613
2017-01-04,35.54026,103.900925,116.526794,14.386504,155.497406,40.904724,13.23936,71.714149,50.99971,18.231855
2017-01-05,35.098099,102.344475,114.969437,14.199539,153.209808,40.656635,13.023288,72.983597,50.143814,18.005312
2017-01-06,35.284786,102.931816,116.605148,14.248739,154.373322,40.914642,13.052753,74.044792,50.468464,18.04471
2017-01-09,35.058788,102.530464,115.772598,14.140496,153.781708,40.805477,13.082217,73.043114,50.242188,17.985613
2017-01-10,35.648342,103.342957,116.232948,14.327463,154.511368,40.874943,13.092039,73.816681,50.389763,18.202305
2017-01-11,35.638523,104.243546,118.838326,14.288101,154.817047,41.003956,13.200075,74.282814,50.950523,18.310652
2017-01-12,35.294613,102.021439,116.034142,14.199539,153.180237,40.944408,13.082217,73.211716,50.596355,18.015162
2017-01-13,35.658173,103.010132,116.88031,14.445545,153.890182,41.093269,13.22954,73.76709,50.852142,18.300804
2017-01-17,33.525951,101.727768,112.09845,13.559919,150.547501,40.02153,12.718822,71.535637,49.494514,17.443876
2017-01-18,34.380806,103.362534,114.450027,13.805926,152.480148,40.785637,12.915253,72.229874,49.740463,17.857565
2017-01-19,34.125332,102.550041,113.751434,13.756724,153.180237,41.123032,12.777752,71.614975,49.907703,17.571922
2017-01-20,35.196354,103.362534,115.46347,13.815767,154.836761,40.994034,12.885787,72.100937,50.370087,17.591623
2017-01-23,35.265137,102.285736,115.050217,13.687843,153.761978,40.874943,12.826859,72.329048,50.143814,17.424179
2017-01-24,35.667999,103.460426,116.752411,14.012572,157.360992,41.480282,13.013467,73.638161,50.930851,17.778767
2017-01-25,36.86676,105.095192,119.064629,14.386504,159.93454,41.966534,13.769723,74.986961,51.599827,18.123508
2017-01-26,36.88641,105.075615,119.67466,14.465226,161.344574,42.125313,13.759901,76.5242,52.091717,18.172758
2017-01-27,36.345989,104.341431,119.684502,14.307781,161.74884,41.986389,13.534005,75.363823,52.131073,18.025009
2017-01-30,35.893993,103.342957,118.444756,14.219218,160.969894,41.510056,13.376862,74.93737,51.99334,17.798466
2017-01-31,35.676991,102.892662,118.523468,14.179857,160.299393,40.924568,13.288468,74.312569,51.796581,17.699968
2017-02-01,35.992634,103.333168,119.192535,14.229059,160.447296,41.023804,13.259005,74.858032,52.170418,17.768917
2017-02-02,35.548763,102.226997,118.080704,14.022412,159.845825,38.870396,13.003646,73.816681,52.268803,17.571922
2017-02-03,36.28854,104.086922,120.196144,14.386504,161.600952,39.862747,13.367041,75.720856,52.790211,18.093962
2017-02-06,35.972904,103.871567,120.442123,14.396344,161.167084,39.436043,13.288468,75.939056,52.534428,17.995461
2017-02-07,36.091267,104.341431,119.517227,14.347142,160.230362,39.376499,13.23936,76.266335,52.337666,17.818165
2017-02-08,34.868164,103.000343,119.507393,14.25858,160.526184,39.2174,13.160789,75.820038,52.032688,17.562073
2017-02-09,35.74604,106.10347,120.42244,14.750594,162.182709,39.85379,13.308112,76.91098,52.672157,17.867414
2017-02-10,35.923584,106.455872,121.121033,14.750594,163.001114,39.714581,13.376862,76.266335,52.74102,17.985613
2017-02-13,36.416767,107.483727,122.419807,14.908039,164.470306,40.490181,13.563471,76.940727,53.252594,18.182606
2017-02-14,37.462318,108.12001,124.072792,15.242608,165.870468,41.027126,13.867936,77.625038,53.665779,18.586447
2017-02-15,37.847004,109.43174,125.706116,15.311491,166.767761,41.922047,13.966151,78.408531,54.24622,18.81299
2017-02-16,37.728638,109.744987,124.918976,15.341011,165.239426,41.315491,13.917044,78.418449,54.118328,18.704641
2017-02-17,37.32423,109.498619,124.82058,15.134365,165.564804,41.315491,13.877757,78.210182,53.990437,18.675093
2017-02-21,37.531364,109.607018,125.499496,15.183568,165.584518,41.544193,13.936687,78.587044,54.305248,18.773588
2017-02-22,37.156544,108.897469,125.706116,15.075323,165.683121,41.385098,13.936687,78.993675,54.413467,18.645544
2017-02-23,36.742271,109.252235,126.080002,15.095005,167.408691,41.00724,13.926866,77.882904,54.502007,18.773588
2017-02-24,36.150452,108.365295,124.840256,14.95724,166.314194,40.877979,13.926866,77.843231,54.206867,18.541084
2017-02-27,36.683086,109.340935,126.070175,15.065484,165.604248,41.494476,13.956329,78.755653,54.393791,18.640022
2017-02-28,36.860634,108.93689,125.184631,15.026123,164.637939,40.181927,13.88758,77.912651,54.10849,18.570766
2017-03-01,39.050377,112.169319,128.746445,15.655901,169.804749,42.747368,14.398296,80.372223,55.495632,19.154505
2017-03-02,37.531364,110.178612,125.460136,15.075323,165.506638,41.991653,14.034902,78.854828,54.580708,18.679598
2017-03-03,37.787823,110.927582,125.774994,15.114685,166.388046,42.210415,14.142938,79.132523,54.649574,18.867582
2017-03-06,37.748367,110.14904,125.538841,14.98676,165.358093,41.872334,14.054544,78.517624,54.393791,18.788431
2017-03-07,37.452457,109.626724,125.351898,15.006442,165.120407,41.42487,13.985794,78.041588,54.138004,18.590555
2017-03-08,37.334091,109.478905,125.499496,15.031147,165.051086,41.623741,13.926866,78.021751,53.980598,18.590555
2017-03-09,37.215729,109.380356,125.430626,15.021265,164.922333,42.011539,13.956329,78.567215,54.049458,18.640022
2017-03-10,37.126957,109.449333,124.42701,14.952088,164.585617,42.240238,13.936687,78.646553,54.049458,18.382784
2017-03-13,36.860634,109.991364,124.367973,14.942206,163.882462,42.737423,13.956329,78.418449,54.029785,18.333315
2017-03-14,36.683086,109.459198,124.190872,14.912559,164.357849,42.429169,13.82865,77.585381,54.10849,18.273951
2017-03-15,36.278679,109.774559,123.216789,14.823617,162.169174,42.478889,13.681329,76.573776,54.069134,18.135437
2017-03-16,36.594315,110.001221,123.698914,14.873029,162.902039,43.284317,13.750476,77.268013,54.138004,18.273951
2017-03-17,36.120857,108.325874,122.350929,14.873029,160.525192,42.618099,13.56279,77.258095,53.803509,18.155226
2017-03-20,35.736176,107.537476,121.799934,14.705029,159.386307,42.011539,13.355349,77.010147,53.360809,17.88809
2017-03-21,33.891663,104.305046,116.791763,13.9342,153.553162,40.211758,12.545333,73.300964,51.835934,16.720615
2017-03-22,33.960709,103.891136,116.742569,14.013259,153.265961,39.933338,12.624359,73.69767,51.747391,16.967962
2017-03-23,34.098801,103.969978,117.362442,14.062671,153.473938,39.943275,12.861437,74.233231,51.727718,17.0669
2017-03-24,34.039616,103.910851,117.480515,14.062671,153.473938,39.794128,12.95034,74.064621,51.71788,17.057007
2017-03-27,33.7733,102.984474,116.299797,13.914434,152.681656,39.197514,12.861437,73.152206,51.353878,16.997644
2017-03-28,34.552528,104.265633,118.336517,14.230672,154.553406,40.261475,13.059001,74.491081,51.85561,17.304354
2017-03-29,34.01989,103.634911,117.421463,14.141731,152.939133,40.221699,13.059001,74.322487,51.183056,17.324141
2017-03-30,34.404575,105.743874,119.576271,14.50738,155.127808,40.907806,13.424496,75.685188,51.549004,17.799046
2017-03-31,34.079071,105.132858,118.307007,14.359143,153.236237,40.57967,13.226931,75.854294,50.935795,17.591276
2017-04-03,34.34539,104.896347,117.913437,14.408556,152.998581,40.341022,13.187418,75.854294,50.985249,17.541805
2017-04-04,34.424301,104.649971,117.234535,14.388791,152.701462,40.002941,13.147905,75.516098,50.896233,17.403292
2017-04-05,33.911388,103.950272,116.388359,14.201024,150.908936,39.257175,12.910828,74.113609,50.480839,17.017433
2017-04-06,34.444027,104.74852,117.342766,14.359143,151.889389,39.8339,13.039244,75.237587,50.787437,17.334036
2017-04-07,34.157982,104.32476,117.254204,14.270202,151.54277,39.674809,12.960218,75.416634,50.589634,17.254883
2017-04-10,33.911388,104.19664,116.467072,14.052789,150.08696,39.07819,12.84168,74.959084,50.223682,17.126265
2017-04-11,33.911388,103.871429,116.13253,14.003377,150.017609,38.710281,12.84168,74.352325,50.332478,17.146051
2017-04-12,33.270248,102.334045,114.66951,13.795847,148.373657,38.18327,12.703384,73.367599,50.144562,16.987751
2017-04-13,32.78693,101.427383,114.471809,13.519139,146.501892,37.31818,12.436673,72.233658,49.432449,16.819553
2017-04-17,33.457657,102.787376,117.051872,13.825493,152.226105,37.92474,12.752775,73.327805,49.986317,17.155945
2017-04-18,33.240658,102.067963,115.074814,13.183137,150.384064,37.696037,12.644116,72.681259,49.254421,17.017433
2017-04-19,33.753571,102.659264,115.144012,13.202901,150.017609,38.063946,12.436673,72.432587,49.145626,17.185627
2017-04-20,34.789257,104.305046,117.467056,13.479609,152.790588,38.461689,12.56509,73.765472,50.124783,18.01671
2017-04-21,34.424301,104.117798,116.814621,13.311608,152.424179,38.113667,12.446552,72.820518,49.956642,17.957346
2017-04-24,35.361355,106.305611,119.473763,13.647611,155.45462,38.968811,12.831801,74.680573,50.995144,18.353102
2017-04-25,35.953178,106.325317,119.720901,13.697021,156.207291,39.396385,12.881193,74.789986,51.558895,18.422359
2017-04-26,36.298405,105.645317,120.600693,13.855141,157.15802,39.8339,12.960218,75.337051,51.549004,18.481722
2017-04-27,36.268814,105.527061,119.631935,13.627845,155.434814,39.028473,12.831801,74.501526,51.351196,18.175013
2017-04-28,36.209633,105.477783,118.376495,13.588315,153.909698,38.63073,12.703384,74.123543,50.718204,18.046392
2017-05-01,36.764114,105.90155,119.760445,13.706904,155.444733,39.505764,12.930585,74.551254,51.13361,18.353102
2017-05-02,36.476971,106.000092,119.27607,13.677258,155.28627,39.80407,12.792289,75.426582,51.005028,18.283844
2017-05-03,36.843323,106.906761,121.035645,13.953965,157.762131,40.171986,12.979976,76.043274,51.63802,18.659811
2017-05-04,36.972042,107.547325,122.034058,14.102201,157.554169,39.933338,12.891071,76.003502,51.736923,18.699387
2017-05-05,36.605694,107.15313,121.707848,14.112083,157.395706,39.903507,12.831801,75.595673,51.202839,18.531191
2017-05-08,36.991848,106.689949,122.261421,14.18126,158.356339,40.181927,12.891071,75.227638,51.430321,18.471828
2017-05-09,36.813622,106.315453,120.56115,14.042906,157.772034,40.271423,12.772532,75.118225,51.014923,18.273951
2017-05-10,36.843323,106.887047,121.045532,14.18126,157.762131,40.002411,12.742898,75.108284,51.40065,18.303633
2017-05-11,36.635395,106.226768,120.343666,14.013259,156.900528,39.87289,12.634237,74.551254,51.074265,18.046392
2017-05-12,36.288845,104.669678,119.424339,13.963847,156.286514,39.464394,12.604604,74.014137,50.846783,18.01671
2017-05-15,36.655197,105.881844,120.739082,14.171378,158.990158,40.39098,12.792289,75.30722,51.202839,18.214588
2017-05-16,36.714607,106.236618,121.213585,14.369026,160.80249,40.520496,12.881193,76.391418,51.390759,18.343208
2017-05-17,34.22934,101.920135,115.845863,13.805729,155.018875,37.979874,12.140326,71.398125,49.907192,17.462656
2017-05-18,34.120422,101.949707,116.013916,13.845259,155.563568,38.189106,12.347769,71.815887,50.184124,17.492336
2017-05-19,34.22934,103.230278,117.397858,13.924317,155.781448,38.119358,12.416916,72.621582,50.540176,17.541805
2017-05-22,34.22934,103.508232,118.079941,13.904552,157.217438,38.378403,12.486064,72.780724,50.876453,17.522017
2017-05-23,34.744217,104.381805,119.760445,14.29985,159.742828,38.727112,12.733021,72.919983,51.390759,17.858408
2017-05-24,34.28875,104.193192,119.572617,14.102201,158.861435,38.8666,12.663872,72.462433,51.222622,17.878197
2017-05-25,34.22934,105.245445,120.056992,14.112083,159.643784,39.265129,12.713264,73.24823,51.202839,18.042307
2017-05-26,34.298649,104.302391,119.92849,13.963847,158.653442,39.374725,12.703384,73.288017,50.876453,17.893116
2017-05-30,33.912495,104.093925,117.496712,13.805729,157.28035,38.517891,12.584846,72.611633,50.540176,17.733976
2017-05-31,33.763969,104.084,117.338539,13.677258,155.688339,38.607555,12.387282,71.885513,50.332478,17.375916
2017-06-01,34.160027,105.920479,118.752136,13.627845,157.907181,39.554066,12.56509,73.417328,50.965469,17.564892
2017-06-02,33.793678,105.642525,117.793274,13.380785,156.802734,38.80682,12.426795,72.93988,50.737988,17.316238
2017-06-05,33.645153,104.798737,117.219917,13.370903,156.394775,38.956272,12.416916,73.39743,50.767662,17.395807
2017-06-06,33.526337,102.446053,116.794853,13.341255,155.091324,38.577667,12.298378,73.198494,50.32259,17.395807
2017-06-07,34.179832,102.793503,118.52478,13.500198,155.937088,38.727112,12.535456,73.566528,50.579739,17.704138
2017-06-08,35.268993,104.639915,119.622047,13.93729,158.285294,39.613846,12.762654,75.675255,51.21273,18.101986
2017-06-09,35.981895,106.962814,121.757271,14.304845,162.543915,41.138218,13.128148,77.873489,52.31057,18.519724
2017-06-12,36.249237,107.568359,121.431053,14.265109,161.62851,41.726051,13.207174,78.311157,52.271004,18.479939
2017-06-13,36.516575,107.260628,122.389931,14.324714,161.867294,41.895424,13.187418,78.490196,52.36002,18.569454
2017-06-14,36.219532,107.310257,122.548096,14.404184,161.737961,42.144508,13.246687,78.520035,52.26112,18.698753
2017-06-15,36.348251,107.488937,121.55957,14.304845,160.703156,41.965168,13.206937,78.211685,51.806156,18.579399
2017-06-16,36.0116,106.923103,121.104843,14.265109,160.86235,41.7659,13.137375,78.052536,51.697361,18.440155
2017-06-19,36.189827,107.687485,122.370163,14.404184,161.847412,42.303917,13.23675,78.639389,51.994076,18.688808
2017-06-20,35.585838,106.645149,121.57933,14.175705,160.991714,41.985092,13.147312,77.734238,51.766594,18.469992
2017-06-21,34.853134,104.123703,120.926903,13.867753,160.225555,41.596531,12.978375,77.266739,51.430321,18.29096
2017-06-22,34.6353,102.555244,119.374916,13.748547,158.693253,41.476974,12.859124,76.779343,50.737988,18.101986
2017-06-23,34.150131,102.604889,118.178795,13.48033,157.051483,41.467003,12.630562,76.212379,50.213795,17.8036
2017-06-26,34.318451,102.912621,118.999268,13.659141,158.016632,41.696163,12.710062,77.077744,50.451164,18.022417
2017-06-27,34.496677,103.835823,119.730789,13.907489,158.364899,42.463333,12.829312,78.221626,50.856674,18.101986
2017-06-28,34.991753,106.476395,121.984634,13.996894,160.842453,42.692486,13.057875,80.280609,51.69202,18.281013
2017-06-29,35.298698,107.588211,123.813416,14.563128,160.374802,42.851894,13.296374,80.290588,51.493126,18.629129
2017-06-30,35.328403,107.34996,123.437782,14.54326,161.140945,42.802082,13.4355,80.011314,51.632351,18.639076
2017-07-03,36.179928,109.375061,124.55481,14.781673,163.489166,43.320168,13.664063,81.387726,52.2887,18.917568
2017-07-05,36.516575,109.414772,124.633896,14.751872,163.618515,43.519432,13.71375,81.317909,52.368252,19.0966
2017-07-06,36.239334,109.990532,124.564705,14.612797,162.772766,43.320168,13.574624,80.799263,51.890915,18.897676
2017-07-07,36.704704,110.54644,125.088615,14.592929,164.285172,43.160759,13.604437,81.178276,52.169361,19.116491
2017-07-10,36.684902,110.526581,125.741043,14.652533,163.53891,43.46962,13.604437,82.185646,52.020195,19.186115
2017-07-11,36.368053,109.841629,125.928864,14.652533,164.344864,42.941566,13.624312,81.557281,51.483185,19.136383
2017-07-12,36.160122,110.397537,125.760826,14.533326,164.41452,42.891747,13.644187,82.026062,51.612465,19.046867
2017-07-13,36.48687,111.112274,126.606056,14.72207,165.708023,43.021275,13.783312,82.315308,51.930691,19.265684
2017-07-14,35.882881,110.596077,126.456894,14.582995,164.941879,42.881786,13.703813,82.085907,51.79147,19.106544
2017-07-17,35.73436,110.467026,126.645828,14.602863,165.160782,42.77219,13.723687,82.55468,51.741741,19.036922
2017-07-18,35.239288,109.791992,124.865868,14.44392,164.65332,42.70245,13.624312,82.444977,51.34396,18.847946
2017-07-19,34.92244,110.486877,125.691216,14.374383,161.668304,42.01498,13.614374,82.55468,51.79147,18.967299
2017-07-20,34.902637,110.248627,126.238129,14.215441,159.539001,41.985092,13.47525,82.514793,52.189251,18.27107
2017-07-21,34.140224,110.92366,125.532112,14.135968,157.320145,41.99506,12.888937,82.504814,51.831245,17.922955
2017-07-24,35.100666,111.310814,126.427063,14.304845,159.539001,41.805759,13.107562,83.631874,52.497536,18.201445
2017-07-25,35.496723,112.690659,128.604782,14.463789,160.693207,42.792122,13.316249,84.768906,52.875427,18.380476
2017-07-26,34.823421,111.370377,126.645828,14.354515,157.190781,42.622742,13.097625,85.147919,52.139526,17.932901
2017-07-27,34.69471,111.916359,126.954094,14.294912,158.215637,42.383625,13.037999,82.514793,52.139526,17.962738
2017-07-28,34.595692,112.372993,126.934204,14.404184,159.78775,42.393589,13.087687,82.67437,52.278751,17.813547
2017-07-31,34.914181,112.402779,128.077759,14.503525,162.334961,42.742302,13.167187,82.973595,52.487587,17.942846
2017-08-01,35.05352,113.564232,129.678726,14.592929,163.837418,42.971455,13.23675,83.222946,52.656647,18.01247
2017-08-02,35.451626,114.388168,129.947205,14.732004,164.096115,42.861858,13.23675,82.58461,52.696426,17.972685
2017-08-03,35.05352,109.464401,129.778168,14.801541,162.971756,42.722378,13.077749,82.165695,52.388142,17.932901
2017-08-04,35.451626,111.668182,131.428864,14.841277,162.762817,42.95153,13.216875,82.684349,52.825703,18.300907
2017-08-07,35.182903,110.874031,130.374802,14.77174,162.802612,42.722378,13.197,82.664398,52.825703,18.221338
2017-08-08,35.172951,110.665565,131.617798,14.761806,163.548859,42.562962,13.266562,82.664398,52.895317,18.251177
2017-08-09,34.864414,109.136818,130.991318,14.582995,162.185715,41.944084,13.087687,81.706894,52.935097,18.022417
2017-08-10,33.550655,105.285156,128.266693,14.205506,157.927094,40.536633,12.729938,79.642281,52.089806,17.525108
2017-08-11,33.23217,104.917862,127.331963,13.977026,155.817688,40.576561,12.6405,79.143578,51.761631,17.425648
2017-08-14,34.058247,105.96019,130.16597,14.314779,158.295242,41.045708,12.879,80.011314,52.497536,17.813547
2017-08-15,33.829334,105.47377,129.609116,14.384316,157.708191,40.856052,12.91875,80.131004,52.686481,17.813547
2017-08-16,33.789524,104.441368,129.370468,14.245242,157.807693,40.666397,12.91875,79.712097,52.557198,17.883169
2017-08-17,32.654911,101.910004,126.586166,13.897554,153.101318,39.598328,12.561,77.547745,51.433464,17.694193
2017-08-18,32.903732,101.949997,126.397232,13.967093,152.663513,39.438618,12.580874,77.647484,51.393684,17.49527
2017-08-21,32.545433,101.080002,125.890091,13.947225,151.728226,39.199051,12.52125,77.517822,51.383736,17.316238
2017-08-22,33.262024,101.900002,126.794991,14.145903,152.832672,39.698151,12.620625,78.794487,51.652241,17.525108
2017-08-23,33.341648,101.099998,126.814873,14.215441,152.444626,39.688164,12.590813,78.804466,51.522964,17.584785
2017-08-24,33.839287,101.690002,126.954094,14.354515,152.066513,39.568382,12.620625,78.585037,51.56274,17.545
2017-08-25,33.689995,102.82,127.16291,14.354515,153.031677,39.688164,12.68025,78.545143,51.781521,17.59
2017-08-28,33.31179,102.68,126.83477,14.195572,151.240662,39.468563,12.6405,78.215996,51.672131,17.389999
2017-08-29,33.15255,101.32,125.561943,14.066431,149.380005,39.109215,12.511312,77.338287,51.21468,17.25
2017-08-30,33.23217,102.139999,125.084633,14.145903,149.289993,39.498508,12.590813,77.996567,51.30418,17.280001
2017-08-31,32.9734,102.080002,124.706772,14.016762,147.860001,39.827915,12.511312,78.116257,50.966064,17.209999
2017-09-01,33.45113,103.150002,125.929871,14.135968,149.0,40.087444,12.620625,78.754593,51.393684,17.360001
2017-09-05,32.49567,100.739998,123.095848,13.549868,145.449997,38.699955,12.302625,76.071587,50.588169,16.790001
2017-09-06,32.615101,100.580002,122.867134,13.53,145.160004,38.859665,12.431812,75.951904,50.627949,16.91
2017-09-07,31.928364,98.650002,120.033119,13.17,142.470001,38.041149,12.103875,74.615387,49.583767,16.469999
2017-09-08,32.654911,98.910004,120.828636,13.26,144.070007,38.610119,12.242999,75.124062,49.703102,16.620001
2017-09-11,33.301838,100.93,123.075958,13.52,146.520004,39.238979,12.461625,76.889458,50.598118,17.030001
2017-09-12,34.317017,102.18,125.730995,13.7,149.020004,39.768021,12.710062,78.016518,51.28429,17.459999
2017-09-13,34.526024,102.360001,126.586166,13.74,150.5,39.728092,12.819374,78.255898,51.75169,17.860001
2017-09-14,34.615597,101.970001,126.476784,13.69,149.919998,39.917751,12.72,78.096313,51.353905,17.879999
2017-09-15,34.993801,102.779999,127.471176,13.75,149.990005,40.137352,12.76,79.562485,51.522964,17.92
2017-09-18,35.421772,103.379997,128.972702,14.02,151.669998,40.576561,13.09,80.709496,52.089806,18.09
2017-09-19,35.650684,104.309998,130.543854,14.15,152.710007,40.965855,13.25,80.958847,52.865482,18.120001
2017-09-20,35.620827,105.169998,132.254211,14.31,154.559998,41.534824,13.36,82.10585,53.223488,18.15
2017-09-21,36.098557,104.779999,132.602249,14.43,154.419998,42.003979,13.4,82.524757,53.442272,18.25
2017-09-22,36.178177,105.0,132.681793,14.42,153.820007,42.463146,13.39,82.694321,53.372658,18.32
2017-09-25,36.287659,105.360001,132.771286,14.48,154.710007,42.423218,13.38,82.504814,53.312992,18.27
2017-09-26,36.645954,105.940002,131.687393,14.71,155.440002,42.752621,13.45,82.734215,53.303043,18.34
2017-09-27,37.044067,106.779999,133.566803,15.05,157.910004,43.960434,13.75,84.15052,53.849998,18.67
2017-09-28,36.894775,106.0,133.706024,15.04,159.220001,43.551174,13.87,84.349998,53.48,18.66
2017-09-29,37.69099,106.32,134.014282,15.23,161.039993,43.660976,13.96,84.330002,53.59,18.82
2017-10-02,37.044067,107.279999,134.362305,15.23,161.389999,43.960434,14.04,84.550003,53.439999,18.9
2017-10-03,36.665863,107.839996,133.427582,15.17,161.309998,44.379673,13.9,85.790001,53.470001,18.74
2017-10-04,36.397137,107.849998,133.51709,15.09,160.690002,44.200001,13.76,85.529999,53.150002,18.57
2017-10-05,36.954491,109.260002,134.779953,15.27,161.570007,45.098373,13.96,86.010002,53.759998,18.77
2017-10-06,37.31279,109.650002,134.929123,15.21,162.080002,45.258087,13.9,86.269997,54.18,18.690001
2017-10-09,37.13364,109.059998,134.849564,15.01,161.169998,45.327957,13.85,86.07,53.849998,18.57
2017-10-10,37.631279,110.0,135.953339,15.16,163.160004,45.008537,13.98,86.480003,54.23,18.65
2017-10-11,37.27298,110.010002,135.72464,15.04,163.149994,45.228142,13.85,86.389999,54.259998,18.440001
2017-10-12,36.984348,109.349998,134.511475,14.91,162.830002,44.948643,13.79,86.330002,53.990002,18.24
2017-10-13,36.805199,109.110001,133.0,14.83,163.210007,44.649185,13.7,85.330002,54.130001,18.190001
2017-10-16,36.874866,109.370003,135.029999,14.96,164.220001,44.38966,13.92,85.639999,54.259998,18.43
2017-10-17,36.506618,108.790001,134.259995,14.78,164.139999,43.311607,13.81,84.110001,53.880001,18.190001
2017-10-18,37.004253,108.889999,134.740005,14.9,160.619995,43.401443,13.95,85.309998,53.27,18.58
2017-10-19,37.253075,109.599998,135.300003,14.97,162.259995,43.191826,13.98,85.720001,53.59,18.25
2017-10-20,38.148819,110.779999,136.949997,15.22,165.199997,44.599277,14.19,86.629997,54.09,18.49
2017-10-23,38.318016,110.790001,136.770004,15.12,164.940002,44.38966,14.11,86.32,54.130001,18.450001
2017-10-24,38.188629,112.169998,137.830002,15.44,165.75,45.108356,14.21,86.360001,54.209999,18.459999
2017-10-25,37.850235,111.25,137.460007,15.57,165.800003,44.569332,13.88,85.730003,54.139999,18.32
2017-10-26,38.327965,111.889999,137.850006,15.81,167.600006,45.268066,13.91,84.580002,54.299999,18.52
2017-10-27,38.268253,112.019997,138.169998,15.72,167.820007,44.828861,13.94,85.489998,54.439999,18.370001
2017-10-30,37.900002,111.599998,137.160004,15.6,166.899994,44.76897,13.77,85.010002,54.259998,18.23
2017-10-31,38.009998,110.459999,136.789993,15.48,166.770004,44.758987,13.8,84.779999,54.380001,18.25
2017-11-01,38.369999,110.580002,136.940002,15.56,167.279999,44.160076,13.81,83.809998,54.48,18.280001
