Date,FB,AMZN,ATVI,V,MSFT,HD,AIZ,FISV,MCD,GPN
2015-12-31,104.660004,675.890015,38.163872,76.402229,53.084164,127.218826,77.314865,91.459999,112.394363,64.447533
2016-01-04,102.220001,636.98999,37.089252,74.579597,52.433533,126.08374,75.37574,89.5,111.86161,62.519413
2016-01-05,102.730003,633.789978,36.616024,75.141167,52.672737,125.468063,76.633286,89.910004,113.402809,63.488461
2016-01-06,102.970001,632.650024,36.270962,74.155975,51.715916,124.169418,75.625328,89.230003,112.641731,63.688271
2016-01-07,97.919998,607.940002,35.758301,72.697876,49.917099,120.629433,73.926216,88.209999,110.034988,61.300591
2016-01-08,97.330002,607.049988,35.2062,71.801346,50.070198,119.186493,73.023849,87.529999,109.863731,60.121727
2016-01-11,97.510002,617.73999,35.699146,72.825943,50.041489,120.994965,74.300598,87.940002,111.014893,58.463341
2016-01-12,99.370003,617.890015,36.596306,73.653526,50.500759,122.639915,74.674973,89.309998,111.728409,58.463341
2016-01-13,95.440002,581.809998,34.368191,72.018089,49.409988,116.781601,75.30854,86.830002,109.52124,56.345394
2016-01-14,98.370003,593.0,34.900574,72.707733,50.816513,115.069313,76.15332,89.029999,110.948303,57.304462
2016-01-15,94.970001,570.179993,34.417484,70.766891,48.788059,114.694145,75.13575,87.339996,109.578323,57.044716
2016-01-19,95.260002,574.47998,34.654099,70.333405,48.376629,115.203987,75.37574,89.040001,111.7855,57.2645
2016-01-20,94.349998,571.77002,34.220306,69.633919,48.596699,112.029533,73.57103,88.949997,110.149139,57.973812
2016-01-21,94.160004,575.02002,34.072426,70.50087,48.300083,115.646492,74.108604,89.639999,112.108955,57.234531
2016-01-22,97.940002,596.380005,35.413235,71.624016,50.031921,118.089859,76.287697,91.489998,112.641731,58.803017
2016-01-25,97.010002,596.530029,34.240025,70.678215,49.553509,117.079803,74.982162,90.160004,113.402809,57.604172
2016-01-26,97.339996,601.25,34.801983,70.816147,49.917099,117.551163,76.038116,91.400002,114.572998,58.603207
2016-01-27,94.449997,583.349976,33.589336,69.860504,49.008129,116.945137,75.788528,90.449997,114.9916,56.495243
2016-01-28,109.110001,635.349976,33.313286,68.303886,49.811855,117.62812,76.268494,91.019997,116.428154,55.795925
2016-01-29,112.209999,587.0,34.328754,73.38752,52.711006,120.975739,78.054024,94.559998,117.760063,58.892918
2016-02-01,115.089996,574.809998,34.18087,73.279144,52.347412,121.697205,77.737228,94.370003,118.549706,59.562271
2016-02-02,114.610001,552.099976,32.948505,72.313652,50.711258,120.504372,76.15332,93.040001,117.921799,56.495243
2016-02-03,112.690002,531.070007,32.652737,73.279144,49.907536,119.080673,76.268494,94.800003,115.562416,57.27449
2016-02-04,110.489998,536.26001,31.489388,72.5895,49.754448,116.502632,75.490944,96.529999,114.791817,57.63414
2016-02-05,104.07,502.130005,30.099279,70.481186,47.993904,112.000664,75.337341,94.589996,109.787628,55.706013
2016-02-08,99.75,488.100006,28.314814,66.766975,47.276287,107.594902,73.177444,91.809998,110.406021,52.489132
2016-02-09,99.540001,482.070007,28.403543,67.318695,47.151901,109.528442,73.42704,92.089996,111.319321,52.419197
2016-02-10,101.0,490.480011,29.72464,69.253647,47.563332,109.980568,63.577888,92.709999,111.82354,54.437622
2016-02-11,101.910004,503.820007,30.08942,67.595116,47.544201,108.960884,64.230652,91.68,111.052948,54.8573
2016-02-12,102.010002,507.079987,27.72328,69.520203,48.319218,111.894859,64.384254,93.07,112.19458,56.755817
2016-02-16,101.610001,521.099976,29.00494,70.191505,49.234718,114.886543,64.557045,94.349998,113.383797,58.054806
2016-02-17,105.199997,534.099976,29.034517,71.249924,50.516418,116.598816,66.476952,95.860001,112.870041,59.143963
2016-02-18,103.470001,525.0,28.472557,70.468475,50.294781,115.405998,65.689789,96.32,111.471542,57.96487
2016-02-19,104.57,534.900024,29.764076,70.755333,49.938213,117.060577,67.513718,96.650002,110.862671,59.113983
2016-02-22,107.160004,559.5,31.075312,72.268761,50.738071,118.17643,67.76329,97.919998,111.947227,61.412189
2016-02-23,105.459999,552.940002,30.296457,71.368622,49.321453,119.792526,67.360107,97.190002,111.214676,60.532883
2016-02-24,106.879997,554.039978,31.26263,71.071861,49.494919,120.831444,67.782486,98.290001,111.366882,61.841858
2016-02-25,108.07,555.150024,31.864025,72.476486,50.208042,122.033882,70.064148,99.470001,112.613174,62.331482
2016-02-26,107.919998,555.22998,31.440092,71.942337,49.437096,121.456718,70.32518,97.980003,112.210571,61.552086
2016-02-29,106.919998,552.52002,31.223196,71.606026,49.032349,119.398125,68.739632,95.629997,112.33519,60.902592
2016-03-01,109.82,579.039978,31.755577,73.83165,50.670616,120.918015,70.905266,98.339996,113.926422,62.661224
2016-03-02,109.949997,580.210022,31.558397,73.495346,51.027176,120.812195,70.837585,97.279999,113.571747,62.171608
2016-03-03,109.580002,577.48999,31.075312,73.109558,50.448967,121.976181,71.688377,97.290001,111.855904,62.91103
2016-03-04,108.389999,575.140015,30.749968,73.099678,50.140583,120.783333,71.649696,97.160004,112.3256,63.210796
2016-03-07,105.730003,562.799988,30.542931,71.160889,49.176895,121.37014,71.011612,96.57,112.296844,60.482914
2016-03-08,105.93,560.26001,30.345753,69.855194,49.774391,122.569519,72.722847,95.830002,113.514236,58.884171
2016-03-09,107.510002,559.469971,30.424625,69.914536,50.921169,121.902115,74.086037,96.459999,114.683693,59.223896
2016-03-10,107.32,558.929993,30.809122,69.459518,50.159859,121.766708,74.231056,96.43,115.009613,59.783463
2016-03-11,109.410004,569.609985,31.075312,70.854248,51.142818,124.252525,75.023842,98.139999,116.514572,60.113205
2016-03-14,109.889999,573.369995,31.952755,70.715759,51.239185,124.620087,74.859489,98.410004,117.808647,58.884171
2016-03-15,110.669998,577.02002,32.021767,71.131218,51.643936,125.461601,76.058311,98.809998,118.316696,58.424522
2016-03-16,112.18,574.27002,32.327396,71.586227,52.376339,126.177345,75.342888,99.919998,118.402954,59.03405
2016-03-17,111.019997,559.440002,32.140072,72.3479,52.675079,126.593254,75.893959,100.629997,118.057877,59.853409
2016-03-18,111.449997,552.080017,31.74572,72.980957,51.547573,127.047859,75.429893,101.580002,118.939751,59.303833
2016-03-21,111.849998,553.97998,31.587978,72.971069,51.904137,126.719002,75.729607,100.419998,118.680939,59.433731
2016-03-22,112.25,560.47998,32.080921,72.169838,52.106506,126.312767,76.000313,99.919998,118.690529,59.573627
2016-03-23,112.540001,569.630005,32.120361,73.109558,52.010139,125.954895,75.371887,100.309998,119.045197,59.623589
2016-03-24,113.050003,582.950012,31.755577,73.337067,52.241425,126.187019,74.61779,99.769997,118.182487,60.123192
2016-03-28,113.690002,579.869995,31.94442,73.277718,51.595753,126.786728,75.072174,99.510002,118.067459,60.043259
2016-03-29,116.139999,593.859985,33.037727,74.563637,52.723263,128.131195,74.550117,101.690002,118.83432,62.91103
2016-03-30,114.699997,598.690002,33.862675,75.948471,53.050919,129.050079,75.758614,102.080002,120.617264,62.731163
2016-03-31,114.099998,593.640015,33.634075,75.651726,53.224377,129.059723,74.588783,102.580002,120.47348,65.249214
2016-04-01,116.059998,598.5,34.210545,76.749702,53.552036,130.433243,75.516914,103.370003,121.757957,65.099327
2016-04-04,112.550003,593.190002,34.021702,76.987106,53.417118,130.433243,75.159187,102.419998,122.285179,64.71962
2016-04-05,112.220001,586.140015,33.504868,76.136406,52.578712,130.172089,74.811142,100.970001,122.10305,65.099327
2016-04-06,113.709999,602.080017,33.793102,77.362984,53.11837,131.003922,75.371887,101.760002,122.237251,70.804878
2016-04-07,113.639999,591.429993,33.216629,76.739807,52.482342,129.485336,74.530769,100.300003,122.831573,71.684196
2016-04-08,110.629997,594.599976,33.763287,77.184937,52.443787,129.243515,75.323555,100.459999,122.659019,72.143845
2016-04-11,108.989998,595.929993,33.206692,76.977211,52.337795,128.653503,76.009987,99.75,122.275597,72.233772
2016-04-12,110.610001,603.169983,33.276268,77.669624,52.665443,129.978638,77.054115,100.209999,122.323524,71.754135
2016-04-13,110.510002,614.820007,34.946045,78.846748,53.340027,129.456299,78.571999,100.290001,121.633362,75.621132
2016-04-14,110.839996,620.75,34.697563,79.46003,53.349663,129.968964,78.194954,99.669998,122.227676,75.241425
2016-04-15,109.639999,625.890015,34.359634,79.212738,53.629135,130.588013,78.156281,99.779999,122.486481,75.631134
2016-04-18,110.449997,635.349976,35.224339,80.567894,54.409718,132.319366,78.649353,100.830002,123.512161,76.860168
2016-04-19,112.290001,627.900024,34.995739,79.875481,54.342258,131.003922,78.813705,100.739998,123.521736,76.540421
2016-04-20,112.419998,632.98999,35.035496,80.271141,53.571312,130.7621,78.707359,99.559998,123.224586,75.940887
2016-04-21,113.440002,631.0,34.975861,79.915047,53.754406,130.191437,76.35804,98.410004,120.578926,74.212219
2016-04-22,110.559998,620.5,34.439148,78.253242,49.899666,131.21669,76.986443,98.040001,120.300934,73.233002
2016-04-25,110.099998,626.200012,34.707504,77.293747,50.217686,131.207031,76.35804,98.879997,122.179733,73.233002
2016-04-26,108.760002,616.880005,34.995739,77.679527,49.572006,130.907166,76.677063,98.900002,122.41938,73.133064
2016-04-27,108.889999,606.570007,34.160851,77.907036,49.090164,131.303741,82.497223,99.199997,122.984947,74.691849
2016-04-28,116.730003,602.0,33.693714,76.838737,48.087933,128.38269,81.781776,98.339996,122.620682,72.753372
2016-04-29,117.580002,659.590027,34.260242,76.403488,48.059025,129.504684,81.762444,97.720001,121.249916,72.123856
2016-05-02,118.57,683.849976,34.369576,77.610275,48.772156,131.593948,83.386681,99.099998,122.889069,73.203018
2016-05-03,117.43,671.320007,33.902435,76.354034,47.972294,130.133392,83.367348,98.690002,123.080788,73.003174
2016-05-04,118.059998,670.900024,34.071396,76.235329,48.059025,130.733093,83.193321,98.959999,123.972275,72.573509
2016-05-05,117.809998,659.090027,34.697563,76.522202,48.12648,130.259125,83.386681,99.25,123.924332,72.253754
2016-05-06,119.489998,673.950012,37.639553,76.878311,48.560143,131.255386,83.493027,102.639999,125.170502,72.803337
2016-05-09,119.239998,679.75,36.923935,77.372879,48.251762,131.777725,83.212662,103.620003,125.410126,72.983185
2016-05-10,120.5,703.070007,36.188438,78.34227,49.167263,133.006119,84.121452,105.550003,126.148247,74.24221
2016-05-11,119.519997,713.22998,36.884178,76.598251,49.196171,129.90126,83.522026,105.360001,123.790138,74.022346
2016-05-12,120.279999,717.929993,37.67931,77.182884,49.639469,129.794846,84.392159,105.239998,124.729538,74.322159
2016-05-13,119.809998,709.919983,38.056999,76.132515,49.22509,128.769592,84.121452,103.849998,123.492989,74.192238
2016-05-16,118.669998,710.659973,39.150303,77.093704,49.947849,130.907166,84.469498,104.25,124.269417,74.30217
2016-05-17,117.349998,695.27002,37.888031,76.09288,49.016239,127.67659,83.454353,103.150002,122.400215,74.102295
2016-05-18,117.650002,697.450012,38.235905,76.727074,49.307365,127.454124,85.039902,102.459999,120.981522,74.232216
2016-05-19,116.809998,698.52002,37.569977,76.18206,48.83186,127.415428,84.266472,101.779999,120.09964,74.152267
2016-05-20,117.349998,702.799988,37.30162,76.964882,49.122993,127.531502,84.788544,102.440002,117.482735,74.901779
2016-05-23,115.970001,696.75,37.500404,76.509064,48.550438,127.11557,84.247139,101.860001,117.722374,74.851814
2016-05-24,117.699997,704.200012,38.782555,78.65937,50.064304,128.99205,85.726334,104.370003,118.81514,77.170326
2016-05-25,117.889999,708.349976,38.712982,78.34227,50.578625,128.83728,84.827209,103.989998,118.153732,76.210938
2016-05-26,119.470001,714.909973,38.862068,78.282806,50.355423,129.659439,84.20491,104.260002,118.661781,76.320877
2016-05-27,119.379997,712.23999,39.100609,78.936821,50.772713,129.55304,85.031403,105.129997,118.144142,77.060402
2016-05-31,118.809998,722.789978,39.021091,78.223358,51.432602,128.454391,84.973068,105.330002,117.003441,77.640015
2016-06-01,118.779999,719.440002,38.414806,78.500824,51.287037,128.172424,84.059067,105.910004,116.917168,77.660011
2016-06-02,118.93,728.23999,38.454563,79.224174,50.927979,128.736328,83.300636,106.650002,117.004074,78.869225
2016-06-03,118.470001,725.539978,37.579918,79.214279,50.258389,128.08493,82.65889,106.059998,117.177895,76.011063
2016-06-06,118.790001,726.72998,37.53022,79.80883,50.588333,125.605682,82.34774,106.629997,117.805542,77.100365
2016-06-07,117.760002,723.73999,37.897972,79.868294,50.559216,126.31543,82.619995,106.510002,117.708984,76.890511
2016-06-08,118.389999,726.640015,37.888031,80.90876,50.500992,125.994568,82.726959,107.400002,117.911758,76.270889
2016-06-09,118.559998,727.650024,38.305477,80.522293,50.09341,125.712631,82.688065,107.339996,118.568375,76.550713
2016-06-10,116.620003,717.909973,37.540161,79.452095,49.957554,125.255669,82.425529,106.379997,118.153168,74.69191
2016-06-13,113.949997,715.23999,37.401016,77.688263,48.657181,124.283417,81.861572,105.610001,118.761497,73.732529
2016-06-14,114.940002,719.299988,38.176266,77.856712,48.35635,121.765274,81.637939,105.75,118.298012,73.692558
2016-06-15,114.599998,714.26001,38.096756,77.460342,48.22049,123.019485,81.28788,105.760002,118.046944,74.01236
2016-06-16,114.389999,717.51001,38.792492,77.638702,48.899788,123.826462,82.89225,106.279999,118.259392,74.49205
2016-06-17,113.019997,706.390015,37.848278,76.291061,48.64748,123.612556,83.145058,104.43,118.066254,73.942398
2016-06-20,113.370003,714.01001,38.454563,76.637878,48.589252,124.079247,83.378433,105.360001,119.17672,75.051689
2016-06-21,114.379997,715.820007,38.424744,76.627968,49.676128,124.195908,83.485382,105.440002,118.413879,74.831833
2016-06-22,113.910004,710.599976,38.086815,75.835243,49.482048,124.059799,83.767372,104.440002,116.472992,74.212219
2016-06-23,115.080002,722.080017,38.683163,77.519806,50.374836,124.730652,84.185486,105.629997,117.042702,75.841171
2016-06-24,112.080002,698.960022,36.754967,74.368675,48.35635,122.893097,80.908676,103.25,115.333557,70.224792
2016-06-27,108.970001,691.359985,35.930019,72.674194,46.997757,121.21109,78.769524,102.449997,112.301514,67.436592
2016-06-28,112.699997,707.950012,36.953751,74.477676,47.977886,123.991745,80.869781,104.779999,114.425865,69.715118
2016-06-29,114.160004,715.599976,37.788639,76.043327,49.045349,123.836174,82.007423,106.440002,115.381836,70.794418
2016-06-30,114.279999,715.619995,39.388844,73.496651,49.656723,124.147301,83.922935,108.730003,116.202614,71.334076
2016-07-01,114.190002,725.679993,39.368965,73.803848,49.647018,126.023743,85.517586,108.910004,116.260559,71.693848
2016-07-05,114.199997,728.099976,39.905682,73.992119,49.656723,125.761253,83.125603,109.43,116.608177,71.813766
2016-07-06,116.699997,737.609985,40.263485,73.387665,49.860512,127.919647,83.038109,108.709999,116.482635,72.013641
2016-07-07,115.849998,736.570007,40.144218,73.833572,49.860512,127.521019,82.085213,108.43,116.762665,71.753807
2016-07-08,117.239998,745.809998,41.038742,75.726234,50.753307,130.612793,84.039627,109.690002,117.139259,73.492691
2016-07-11,117.870003,753.780029,41.943203,75.825325,51.034729,131.400314,84.467453,110.300003,117.805542,74.751884
2016-07-12,117.93,748.210022,42.400406,76.776611,51.636391,131.098938,85.1092,110.190002,118.046944,75.391472
2016-07-13,116.779999,742.630005,41.853752,76.75679,51.927517,129.854431,85.507858,110.57,118.597351,75.631317
2016-07-14,117.290001,741.200012,41.595333,77.430618,52.150719,130.807236,85.867622,110.550003,119.669189,76.430794
2016-07-15,116.860001,735.440002,41.943203,77.58918,52.1119,131.040573,85.498131,110.339996,119.360191,76.670639
2016-07-18,119.370003,736.070007,41.883568,77.599075,52.364212,132.557312,85.167526,110.260002,119.543648,76.710617
2016-07-19,120.610001,739.950012,41.267342,78.005356,51.519943,133.17955,85.167526,110.389999,122.150818,76.720612
2016-07-20,121.919998,745.719971,41.128193,78.639542,54.256546,133.59761,84.973068,110.910004,121.725952,77.869865
2016-07-21,120.610001,744.429993,41.018864,78.074722,54.149796,132.294815,84.904999,109.93,122.807449,77.160324
2016-07-22,121.0,744.859985,41.187828,79.184547,54.897022,132.732315,85.468964,110.480003,123.850311,77.759933
2016-07-25,121.629997,739.609985,42.141987,78.223358,55.052292,132.71286,85.177254,110.349998,123.019882,78.269608
2016-07-26,121.220001,735.590027,41.307098,77.777443,55.081406,132.955933,84.117409,110.919998,117.525505,79.179031
2016-07-27,123.339996,736.669983,40.641174,77.817078,54.528259,132.528137,81.433731,110.0,115.372185,78.379539
2016-07-28,125.0,752.609985,40.024948,78.471092,54.547668,134.13237,81.0448,110.709999,115.314247,78.139702
2016-07-29,123.940002,758.809998,39.915619,77.341446,55.003773,134.404617,80.714203,110.360001,113.605103,74.611977
2016-08-01,124.309998,767.73999,39.826164,77.549538,54.906734,134.919907,80.947578,110.349998,113.952721,73.662582
2016-08-02,123.089996,760.580017,39.508114,77.569351,54.906734,133.412903,80.98645,109.410004,113.653374,71.453995
2016-08-03,122.510002,754.640015,40.134281,77.995445,55.285198,133.257339,81.783783,104.449997,113.479561,73.112946
2016-08-04,124.360001,760.77002,40.581543,78.758461,55.692776,132.27536,81.375397,105.580002,114.232758,73.512672
2016-08-05,125.150002,765.97998,40.313187,79.41246,56.245914,133.111511,82.464417,105.190002,115.111465,74.49205
2016-08-08,125.260002,766.559998,40.362881,79.224174,56.34296,132.430939,82.415817,103.989998,114.223091,73.892433
2016-08-09,125.059998,768.309998,40.998985,79.333183,56.478825,132.333679,82.435257,104.190002,114.242393,74.841812
2016-08-10,124.879997,768.559998,40.849895,78.956627,56.304142,131.837845,82.435257,104.190002,114.715553,74.671913
2016-08-11,124.900002,771.23999,41.05862,79.392654,56.575859,133.237869,82.88253,103.389999,115.275612,74.811829
2016-08-12,124.879997,772.559998,40.889652,79.293549,56.226505,132.78093,82.833923,103.360001,115.410797,74.651917
2016-08-15,123.900002,768.48999,41.227585,80.175468,56.40118,133.257339,83.41732,102.970001,114.445175,74.901794
2016-08-16,123.300003,764.039978,39.070793,80.076385,56.088711,132.450348,82.833923,101.540001,113.885117,73.492508
2016-08-17,124.370003,764.630005,39.637321,80.245125,56.205887,132.372574,83.42704,102.779999,113.074005,74.182152
2016-08-18,123.910004,764.460022,39.77647,79.679314,56.244946,131.060028,83.757645,102.510002,113.102966,74.122192
2016-08-19,123.559998,757.309998,39.736713,79.877861,56.264477,131.701736,84.467453,102.540001,111.055862,74.711884
2016-08-22,124.150002,759.47998,39.875858,80.463509,56.313301,131.585037,84.311867,102.839996,111.451767,75.381546
2016-08-23,124.370003,762.450012,40.392696,80.205421,56.528126,132.440643,84.331314,104.120003,111.229668,76.211121
2016-08-24,123.480003,757.25,40.422512,79.699181,56.586712,131.31282,84.438278,102.720001,110.92067,75.461502
2016-08-25,123.889999,759.219971,40.74057,79.728951,56.801537,131.672562,85.709641,103.019997,111.461426,76.570938
2016-08-26,124.959999,769.0,40.800201,79.977119,56.664833,130.632248,85.758545,103.470001,110.505463,76.101181
2016-08-29,126.540001,771.289978,41.038742,80.27491,56.733185,131.487839,86.765862,103.279999,111.442116,75.881287
2016-08-30,125.839996,767.580017,41.326977,80.572701,56.528126,131.048096,87.528671,102.940002,112.259537,76.411018
2016-08-31,126.120003,769.159973,41.118252,80.304688,56.108238,131.067612,87.577568,103.050003,112.551483,75.91127
2016-09-01,126.169998,770.619995,41.893509,80.701759,56.23518,131.17511,87.293968,103.800003,112.29847,76.78083
2016-09-02,126.510002,772.440002,42.539551,81.396599,56.313301,132.074173,88.252373,104.339996,112.716911,76.281082
2016-09-06,129.729996,788.869995,43.245232,81.922691,56.254715,131.048096,87.900299,103.699997,114.09874,76.670883
2016-09-07,131.050003,784.47998,43.116024,82.627464,56.303535,129.767883,88.144791,103.129997,113.777603,76.391029
2016-09-08,130.270004,784.059998,43.03651,82.359467,56.078945,128.272705,87.968758,102.269997,113.04776,76.23111
2016-09-09,127.099998,760.140015,42.032658,80.731522,54.887646,124.832817,87.264633,100.279999,111.500504,73.582458
2016-09-12,128.690002,771.48999,43.195534,82.359467,55.707886,125.663475,88.31105,101.160004,112.833672,74.551964
2016-09-13,127.209999,761.01001,43.14584,81.287399,55.200119,122.858788,86.521362,99.330002,111.646469,73.142677
2016-09-14,127.769997,761.090027,43.394318,80.890343,54.93647,123.386505,85.406471,98.379997,112.084373,73.482513
2016-09-15,128.350006,769.690002,44.318661,81.406525,55.844593,124.070564,85.944351,99.93,113.01857,76.011223
2016-09-16,129.070007,778.52002,44.149693,81.46608,55.903187,123.239906,85.924805,99.209999,112.181686,74.262123
2016-09-19,128.649994,775.099976,43.851521,81.90284,55.59071,123.415817,87.646034,99.300003,112.113564,74.402039
2016-09-20,128.639999,780.219971,43.861462,81.873062,55.473537,123.943527,87.333084,99.339996,113.320236,74.392052
2016-09-21,129.940002,789.73999,44.39817,82.607613,56.401176,125.194389,88.70224,101.5,113.787338,76.291084
2016-09-22,130.080002,804.700012,44.239147,82.74659,56.45977,125.819832,89.269463,102.330002,114.20578,76.011223
2016-09-23,127.959999,805.75,44.090061,81.932617,56.078945,124.881683,88.154572,101.190002,114.020889,75.381546
2016-09-26,127.309998,799.159973,43.712372,81.207993,55.561417,122.594925,87.958992,100.25,113.398094,75.581444
2016-09-27,128.690002,816.109985,43.940971,81.55542,56.586712,123.933762,88.712021,100.610001,113.738678,76.041214
2016-09-28,129.229996,828.719971,43.891277,82.359467,56.664833,125.350754,89.748672,100.230003,112.084373,76.740852
2016-09-29,128.089996,829.049988,43.940971,81.317177,56.049652,125.018486,89.455292,99.720001,111.704849,76.051193
2016-09-30,128.270004,837.309998,44.030426,82.091438,56.244946,125.751427,90.218102,99.470001,112.259537,76.720863
2016-10-03,128.770004,836.73999,43.831642,82.250267,56.069183,125.575523,88.545769,99.75,111.558884,77.080681
2016-10-04,128.190002,834.030029,43.861462,82.121223,55.893414,125.282341,88.408852,98.889999,110.449524,76.401024
2016-10-05,128.470001,844.359985,44.259026,82.736656,56.284008,124.67646,88.936958,99.690002,110.361946,78.999702
2016-10-06,128.740005,841.659973,43.722313,82.74659,56.38166,127.227066,87.958992,100.809998,110.858231,78.939735
2016-10-07,128.990005,839.429993,43.652737,82.270119,56.440243,125.389839,87.949211,99.980003,110.400871,75.971245
2016-10-10,130.240005,841.710022,43.523529,82.508354,56.674595,124.353973,88.800041,100.540001,111.626999,75.561455
2016-10-11,128.880005,831.0,42.638947,81.43631,55.844593,122.985825,88.506653,99.129997,110.624687,73.662422
2016-10-12,129.050003,834.090027,43.06633,81.644753,55.766476,123.806717,89.12278,100.089996,111.626999,73.772369
2016-10-13,127.82,829.280029,42.897362,81.267555,55.58094,123.415817,88.105675,99.730003,112.308189,73.312592
2016-10-14,127.879997,822.960022,43.424137,81.843285,56.069183,123.542862,88.976082,100.059998,111.023659,73.002762
2016-10-17,127.540001,812.950012,43.26511,81.545494,55.87389,122.291992,89.249908,99.849998,109.388832,72.972778
2016-10-18,128.570007,817.650024,43.911156,80.979683,56.303535,122.878334,89.28904,100.059998,108.260002,74.172157
2016-10-19,130.110001,817.690002,43.523529,82.20063,56.176594,123.024918,81.807526,99.809998,108.269737,74.332077
2016-10-20,130.0,810.320007,44.050304,81.892906,55.903187,123.376717,81.553253,99.650002,107.598282,73.552475
2016-10-21,132.070007,818.98999,44.268967,81.744026,58.256485,123.718758,80.986023,99.160004,110.867966,72.842834
2016-10-24,133.279999,838.090027,45.193306,82.557983,59.564964,124.871902,81.064262,100.510002,110.517647,74.022232
2016-10-25,132.289993,835.179993,44.785801,81.426376,59.555199,120.532951,80.438354,99.720001,109.690491,73.232643
2016-10-26,131.039993,822.590027,44.169571,81.148438,59.203667,119.91729,80.125404,99.989998,109.096886,73.622444
2016-10-27,129.690002,818.359985,43.453957,81.317177,58.686134,119.477539,78.404175,96.75,109.067688,72.433044
2016-10-28,131.289993,776.320007,43.056389,81.614975,58.461548,120.767494,78.218361,98.330002,109.087151,72.552979
2016-10-31,130.990005,789.820007,42.907299,81.90284,58.510365,119.233223,78.74646,98.480003,109.544525,72.483017
2016-11-01,129.5,785.409973,42.340767,81.019394,58.393192,117.161469,77.612022,98.559998,109.233116,71.713425
2016-11-02,127.169998,765.559998,42.340767,79.987038,58.031898,117.552368,76.986122,98.660004,109.369362,70.593987
2016-11-03,120.0,767.030029,43.106083,80.056526,57.81707,117.44487,78.60955,98.110001,108.717369,70.444069
2016-11-04,120.75,755.049988,41.446247,79.768661,57.328835,118.158257,77.973869,97.93,108.055634,70.773895
2016-11-07,122.150002,784.929993,40.839958,81.90284,58.998608,120.933624,78.218361,99.559998,109.787804,71.783379
2016-11-08,124.220001,787.75,40.760445,82.270119,59.047428,121.422241,78.325928,100.169998,111.043129,72.603073
2016-11-09,123.18,771.880005,39.905682,82.627464,58.754486,123.151962,80.213425,100.510002,111.889748,72.783005
2016-11-10,120.800003,742.380005,38.464504,81.267555,57.319069,126.093452,81.651054,99.800003,111.432388,70.903709
2016-11-11,119.019997,739.01001,39.170181,81.277473,57.631542,126.894806,81.162064,100.540001,111.150177,69.464241
2016-11-14,115.080002,719.070007,37.540161,77.803223,56.752712,124.764404,84.115547,100.120003,114.692345,66.545319
2016-11-15,117.199997,743.23999,38.295536,77.991837,57.873413,121.568832,84.105766,101.540001,115.139977,68.02478
2016-11-16,116.339996,746.48999,38.732861,79.658012,58.640213,122.477661,84.448059,103.209999,116.006058,69.914078
2016-11-17,117.790001,756.400024,39.696957,80.642792,59.613453,125.995728,84.418724,105.059998,116.239601,69.734138
2016-11-18,117.019997,760.159973,38.156387,80.394119,59.328362,125.409393,83.900391,104.290001,116.774826,70.683784
2016-11-21,121.769997,780.0,38.196144,81.259529,59.829727,125.301895,83.851494,105.440002,116.288261,71.96331
2016-11-22,121.470001,785.330017,36.94381,79.508797,60.085323,127.999069,83.675461,106.309998,116.473167,71.693413
2016-11-23,120.839996,780.119995,37.033264,79.150696,59.377514,128.223862,84.816978,107.599998,116.911064,72.063271
2016-11-25,120.379997,780.369995,36.993511,79.707733,59.50531,128.575653,85.033478,107.230003,117.417099,72.063271
2016-11-28,120.410004,766.77002,37.142593,78.663284,59.583958,127.666809,84.531601,106.610001,118.545914,71.513474
2016-11-29,120.870003,762.52002,37.719067,78.73291,60.055836,127.342598,84.698891,106.540001,118.34977,70.563828
2016-11-30,118.419998,750.570007,36.387222,76.912552,59.239883,127.126465,84.964584,104.620003,116.967003,68.52459
2016-12-01,115.099998,743.650024,35.363491,75.032516,58.197826,127.195251,85.397575,103.32,116.182449,66.395378
2016-12-02,115.400002,740.340027,35.492695,75.320984,58.246979,127.588219,84.728409,103.370003,115.956886,68.104736
2016-12-05,117.43,759.359985,36.258011,76.902603,59.200565,127.40155,85.279495,103.629997,116.986618,69.704163
2016-12-06,117.309998,764.719971,36.476673,76.703651,58.935135,126.478073,87.473961,103.25,116.947388,69.874092
2016-12-07,117.949997,770.419983,37.222111,78.892067,60.331097,130.132706,88.802452,104.82,117.604446,70.843735
2016-12-08,118.910004,767.330017,37.162472,78.862221,59.977184,130.201492,92.02037,104.709999,118.124214,71.753387
2016-12-09,119.68,768.659973,36.566124,78.722961,60.92094,131.046371,90.691879,104.790001,118.918579,72.163246
2016-12-12,117.769997,760.119995,36.94381,78.086334,61.11755,132.215469,90.672195,104.82,119.389305,71.213585
2016-12-13,120.309998,774.340027,37.092899,78.782646,61.913837,134.141022,90.59346,106.099998,120.311157,71.823364
2016-12-14,120.209999,768.820007,36.51643,78.713005,61.618916,133.590866,90.662346,106.029999,120.468063,71.43351
2016-12-15,120.57,761.0,36.764908,79.081062,61.520611,133.453308,90.996941,107.269997,119.99733,70.603821
2016-12-16,119.870003,757.77002,36.248074,77.937126,61.24535,132.736145,89.884941,107.029999,120.860344,70.263939
2016-12-19,119.239998,766.0,36.407101,77.688446,62.543003,133.060364,90.937897,107.349998,120.615173,70.753754
2016-12-20,119.089996,771.219971,36.605885,77.947075,62.464359,134.701019,90.829643,109.07,120.948601,71.393524
2016-12-21,119.040001,770.599976,36.675457,77.728233,62.464359,134.425934,90.849327,108.57,120.801506,70.843735
2016-12-22,117.400002,766.340027,36.218254,77.489502,62.474186,133.050537,91.705467,107.610001,121.331078,70.004044
2016-12-23,117.269997,760.590027,36.277889,77.738174,62.169441,132.677216,91.794029,108.0,120.762268,70.273941
2016-12-27,118.010002,771.400024,36.307705,77.937126,62.208755,132.883499,92.246696,108.139999,120.693626,70.703781
2016-12-28,116.919998,772.130005,36.208317,77.88739,61.923668,132.696869,91.705467,107.199997,120.311157,69.644173
2016-12-29,116.349998,765.150024,36.258011,77.917236,61.835197,132.726334,91.193748,107.279999,120.419037,69.794113
2016-12-30,115.050003,749.869995,35.890263,77.608856,61.088055,131.724258,91.380722,106.279999,119.36969,69.384277
2017-01-03,116.860001,753.669983,36.417038,79.081062,61.520611,131.950211,92.620651,107.339996,117.310242,70.473869
2017-01-04,118.690002,757.179993,37.132656,79.727638,61.24535,133.119308,93.575195,108.650002,117.172951,73.10289
2017-01-05,120.669998,780.450012,37.709126,80.662682,61.24535,131.547409,93.614563,108.610001,117.388695,73.392784
2017-01-06,123.410004,795.98999,37.67931,81.776779,61.776207,131.183914,94.451027,109.830002,118.42823,74.422401
2017-01-09,124.900002,796.919983,37.470589,81.319206,61.579594,131.950211,92.610809,108.099998,118.104607,79.760422
2017-01-10,124.349998,795.900024,38.14645,80.881531,61.559933,133.708755,92.699371,108.230003,117.928078,77.851128
2017-01-11,126.089996,799.02002,38.96146,81.36895,62.120285,133.315796,93.289825,108.540001,118.545914,78.201004
2017-01-12,126.620003,813.640015,38.891888,80.941216,61.550102,132.696869,93.319351,109.419998,119.742348,77.571228
2017-01-13,128.339996,817.140015,38.712982,80.742256,61.63858,132.667389,93.319351,110.300003,119.153938,77.711182
2017-01-17,127.870003,809.719971,38.712982,80.831795,61.471455,133.541748,93.201248,110.440002,120.379807,78.01107
2017-01-18,127.919998,807.47998,38.84219,81.160049,61.441967,133.767731,93.604721,110.080002,120.340576,78.590858
2017-01-19,127.550003,809.039978,38.623528,81.299316,61.24535,133.011246,94.126282,109.349998,119.820808,79.360573
2017-01-20,127.040001,808.330017,38.732861,81.40873,61.677898,133.21756,94.618317,109.57,119.899261,79.05069
2017-01-23,128.929993,817.880005,38.295536,81.717094,61.894176,135.64415,94.441185,108.660004,119.036255,78.360939
2017-01-24,129.369995,822.440002,38.862068,82.791412,62.444698,135.634308,95.198914,108.519997,118.712631,79.000702
2017-01-25,131.479996,836.52002,39.319271,83.457886,62.601986,135.064499,96.468361,108.540001,119.438339,78.250984
2017-01-26,132.779999,839.150024,39.229816,82.801353,63.181995,136.027313,97.304817,107.849998,119.526596,76.77153
2017-01-27,132.179993,835.77002,39.368965,83.32856,64.666435,135.899567,96.320755,108.099998,120.487686,77.411293
2017-01-30,130.979996,830.380005,39.368965,83.258926,64.027435,136.037125,95.415413,108.150002,120.644585,77.781158
2017-01-31,130.320007,823.47998,39.965313,82.274155,63.555569,135.162766,95.582703,107.43,120.203278,77.25135
2017-02-01,133.229996,832.349976,40.223732,82.005569,62.503681,135.025208,95.809036,105.379997,120.056175,77.021446
2017-02-02,130.839996,839.950012,40.223732,81.866318,62.10062,134.543823,95.789352,105.459999,120.840729,76.691566
2017-02-03,130.979996,810.200012,39.766529,85.626396,62.601986,135.555725,96.448677,106.720001,121.841026,78.570862
2017-02-06,132.059998,807.640015,39.945435,85.377716,62.562668,134.091919,95.838554,106.849998,122.046974,78.151024
2017-02-07,131.839996,812.5,39.806286,85.327965,62.35622,134.249084,95.454765,106.419998,122.184273,78.670822
2017-02-08,134.199997,819.710022,38.951519,84.641602,62.267746,135.457504,89.009109,107.779999,122.262726,79.050735
2017-02-09,134.139999,821.359985,39.488235,85.129021,62.975552,136.272919,89.904625,109.470001,122.076401,78.600845
2017-02-10,134.190002,827.460022,46.942596,85.447342,62.916569,137.392883,91.449608,109.07,123.390526,78.450882
2017-02-13,134.050003,836.530029,45.421906,85.984497,63.624386,137.412521,92.817467,110.099998,123.115936,78.200943
2017-02-14,133.850006,836.390015,44.706287,86.392334,63.861748,138.876343,93.732651,110.139999,123.380714,79.190697
2017-02-15,133.440002,842.700012,45.203243,87.244453,63.822189,139.691772,94.716721,111.080002,124.037788,78.940758
2017-02-16,133.839996,844.140015,45.113792,87.114891,63.812298,139.053177,94.982414,111.25,124.253525,77.651077
2017-02-17,133.529999,845.070007,45.054157,87.164719,63.911205,140.487534,95.208755,111.980003,125.332298,77.931007
2017-02-21,133.720001,856.440002,45.064095,87.623161,63.782627,142.472031,96.478203,112.389999,125.56765,78.830788
2017-02-22,136.119995,855.609985,44.954765,87.503571,63.654053,142.697998,96.822624,113.82,125.381325,78.680824
2017-02-23,135.360001,852.190002,44.805679,87.882286,63.911205,142.167496,97.792236,114.900002,125.793221,78.190941
2017-02-24,135.440002,845.23999,45.272816,88.131439,63.911205,143.385696,97.713089,116.300003,126.165878,78.95076
2017-02-27,136.410004,848.640015,45.411964,87.702896,63.525482,142.747131,97.079872,115.580002,125.454582,79.880539
2017-02-28,135.539993,845.039978,44.855373,87.643105,63.278221,142.363983,97.950539,115.400002,126.106606,79.670586
2017-03-01,137.419998,853.080017,46.853142,88.689552,64.227699,144.102859,99.78093,117.110001,127.489685,79.430641
2017-03-02,136.759995,848.909973,46.395943,88.231102,63.307896,145.350571,98.692589,116.639999,126.679588,78.250931
2017-03-03,137.169998,849.880005,46.783569,88.490227,63.545258,145.213013,98.811317,117.5,126.353584,80.590363
2017-03-06,137.419998,846.609985,47.519066,88.639725,63.565041,144.544983,98.524399,117.019997,126.48201,80.190453
2017-03-07,137.300003,846.02002,47.767548,88.759315,63.693615,144.32753,98.544182,116.949997,126.521538,80.870285
2017-03-08,137.720001,850.5,48.284382,88.659653,64.277138,145.217087,98.425461,117.449997,126.541283,80.250443
2017-03-09,138.240005,853.0,48.721703,88.809143,64.020004,144.920563,98.910255,117.449997,126.590683,79.650589
2017-03-10,138.789993,852.460022,48.900608,89.427055,64.217804,145.147903,98.583755,117.279999,126.432617,79.12072
2017-03-13,139.600006,854.590027,49.19878,89.805771,64.000214,145.721176,98.356201,117.889999,126.067085,79.650589
2017-03-14,139.320007,852.530029,48.781338,89.247665,63.70351,145.4543,98.435349,117.370003,126.254791,79.050735
2017-03-15,139.720001,852.969971,48.920486,89.616409,64.03978,146.235153,97.970322,117.650002,126.333824,78.710815
2017-03-16,139.990005,853.419983,48.801216,89.736008,63.930984,147.006104,97.544884,117.260002,126.432617,79.680573
2017-03-17,139.839996,852.309998,48.831036,89.935333,64.158463,147.866043,97.92086,117.790001,127.084633,80.010498
2017-03-20,139.940002,856.969971,48.662067,88.878914,64.217804,146.086884,96.614853,116.699997,127.222939,79.360657
2017-03-21,138.509995,843.200012,47.926571,87.762688,63.505699,144.910675,94.438171,116.160004,126.966087,78.230934
2017-03-22,139.589996,848.059998,48.383774,88.221138,64.316704,145.651993,94.566803,115.879997,127.53907,79.050735
2017-03-23,139.529999,847.380005,48.483162,88.55999,64.158463,146.274689,94.329338,115.849998,127.440277,78.920769
2017-03-24,140.339996,845.609985,48.821095,88.888885,64.267258,145.99794,94.052307,115.940002,127.776161,78.400894
2017-03-27,140.320007,846.820007,48.999996,88.649681,64.385933,145.167664,93.557602,115.489998,127.924362,78.100975
2017-03-28,141.759995,856.0,49.759998,88.819115,64.573853,145.493835,94.48764,115.790001,127.884842,78.730812
2017-03-29,142.649994,874.320007,50.139999,88.878914,64.751884,145.335693,93.310257,115.910004,127.282219,78.810791
2017-03-30,142.410004,876.340027,50.189999,88.70948,64.98925,145.246735,94.428284,115.93,127.756424,80.680336
2017-03-31,142.050003,886.539978,49.860001,88.569962,65.137604,145.128143,94.655846,115.309998,128.042908,80.660339
2017-04-03,142.279999,891.51001,49.529999,89.058304,64.831001,144.920563,94.002846,115.639999,128.042908,79.310669
2017-04-04,141.729996,906.830017,49.040001,88.480263,65.009033,144.643799,93.953369,115.379997,127.726768,78.330902
2017-04-05,141.850006,909.280029,49.200001,88.729416,64.840889,144.940338,93.349831,115.57,128.833237,77.731056
2017-04-06,141.169998,898.280029,49.360001,88.789215,65.009033,145.533386,93.785172,115.660004,128.57637,78.070969
2017-04-07,140.779999,894.880005,49.610001,88.440392,64.959579,145.424667,93.686241,115.82,128.388672,77.911011
2017-04-10,141.039993,907.039978,49.040001,88.55999,64.811218,146.492142,93.844536,115.93,128.408432,77.481117
2017-04-11,139.919998,902.359985,49.080002,88.550026,64.761772,146.482254,94.200714,116.260002,129.613678,77.671074
2017-04-12,139.580002,896.22998,48.639999,88.3806,64.514511,144.841492,92.637466,115.790001,129.672958,77.491119
2017-04-13,139.389999,884.669983,48.419998,88.569962,64.237579,144.218796,91.69754,115.190002,129.179001,77.521103
2017-04-17,141.419998,901.98999,48.799999,89.506783,64.761772,145.60257,93.221214,116.449997,129.761871,78.560852
2017-04-18,140.960007,903.780029,49.169998,89.427055,64.67276,146.047348,92.60778,116.349998,130.700394,78.980751
2017-04-19,142.270004,899.200012,49.349998,89.446991,64.326599,145.513611,92.973869,116.550003,131.03627,78.930756
2017-04-20,143.800003,902.059998,49.950001,90.842262,64.781548,146.996231,94.101776,117.790001,131.658661,80.970268
2017-04-21,143.679993,898.530029,49.869999,90.842262,65.671677,148.261383,93.696129,118.400002,131.796967,80.840302
2017-04-24,145.470001,907.409973,50.880001,91.539894,66.789284,150.129471,95.101074,119.440002,132.60704,81.370171
2017-04-25,146.490005,907.619995,51.360001,91.799019,67.175003,151.256271,95.892593,119.620003,139.986725,81.96003
2017-04-26,146.559998,909.289978,51.360001,91.509995,67.085999,152.43248,95.991531,119.989998,139.137115,81.400162
2017-04-27,147.699997,918.380005,51.91,91.290741,67.521164,154.310455,96.090469,119.889999,139.166763,81.950027
2017-04-28,150.25,924.98999,52.25,90.912025,67.709076,154.290695,95.219795,119.139999,138.238129,81.740082
2017-05-01,152.460007,948.22998,52.700001,90.951889,68.648666,152.422607,96.219093,119.089996,139.443375,81.480141
2017-05-02,152.779999,946.940002,53.029999,92.22757,68.539871,153.154007,97.099655,118.639999,139.5224,81.700089
2017-05-03,151.800003,941.030029,52.84,92.127907,68.322281,153.20343,103.402138,118.459999,140.895599,81.080238
2017-05-04,150.850006,937.530029,53.099998,92.307297,68.055244,153.065063,103.362564,120.25,141.715576,86.119011
2017-05-05,150.240005,934.150024,53.830002,91.779083,68.243156,153.924957,102.81839,120.0,142.219421,86.049034
2017-05-08,151.059998,949.039978,53.990002,91.609657,68.183823,155.071533,104.183762,119.839996,142.496017,86.518913
2017-05-09,150.479996,952.820007,54.619999,91.689384,68.282722,155.852371,103.322975,119.730003,142.614563,87.248734
2017-05-10,150.289993,948.950012,55.990002,91.938545,68.549751,156.297165,102.531464,119.25,142.772644,87.768608
2017-05-11,150.039993,947.619995,55.75,91.789047,67.709076,154.389511,101.561852,119.860001,142.466385,88.228493
2017-05-12,150.330002,961.349976,56.009998,92.416931,67.629959,155.101181,100.968216,119.779999,143.602478,87.71862
2017-05-15,150.190002,957.969971,56.41,92.915245,67.679413,155.506439,101.175987,120.900002,144.511353,89.418205
2017-05-16,149.779999,966.070007,56.779999,92.83551,69.04216,156.425644,100.889061,119.75,145.50914,89.338226
2017-05-17,144.850006,944.76001,54.23,91.61248,67.122383,154.280807,99.098251,119.129997,144.639786,88.078529
2017-05-18,147.660004,958.48999,55.150002,91.562553,67.351158,153.895325,98.227577,120.040001,145.232513,88.748367
2017-05-19,148.059998,959.840027,55.880001,92.331322,67.331268,154.488373,98.474922,120.68,146.358734,90.018059
2017-05-22,148.240005,970.669983,57.119999,93.159981,68.087234,154.152313,98.534286,122.32,146.39827,91.707649
2017-05-23,148.070007,971.539978,57.799999,93.709099,68.316025,153.0354,98.435349,122.339996,146.032745,91.187775
2017-05-24,150.039993,980.349976,58.509998,94.65757,68.40554,153.20343,98.346306,122.760002,147.692429,92.487465
2017-05-25,151.960007,993.380005,59.220001,94.887207,69.251045,154.646515,99.917931,124.519997,147.969025,92.347496
2017-05-26,152.130005,995.780029,58.279999,94.517799,69.589233,153.104584,98.754128,124.089996,148.048065,91.827621
2017-05-30,152.380005,996.700012,58.580002,94.567719,70.036858,152.975372,98.028,124.529999,148.117218,91.957596
2017-05-31,151.460007,994.619995,58.580002,95.076904,69.469872,152.607529,97.461021,125.279999,149.065613,91.587677
2017-06-01,151.529999,995.950012,59.560001,95.246628,69.728493,154.237885,99.619522,125.230003,151.491226,93.287262
2017-06-02,153.610001,1006.72998,59.650002,95.995422,71.3797,154.436722,99.629471,125.709999,152.833267,92.367493
2017-06-05,153.630005,1011.340027,59.799999,96.394775,71.896942,153.880005,98.565132,125.459999,151.888855,91.697655
2017-06-06,152.809998,1003.0,59.84,95.636002,72.135666,153.293472,98.465668,124.43,150.338058,92.217529
2017-06-07,153.119995,1010.070007,60.529999,95.935509,72.006363,154.049011,98.187149,125.099998,151.043884,92.240524
2017-06-08,154.710007,1010.27002,60.549999,95.935509,71.568687,152.597595,98.764076,123.75,150.53688,91.070648
2017-06-09,149.600006,978.309998,58.029999,94.407974,69.947327,152.060776,101.141418,122.860001,150.586578,89.090851
2017-06-12,148.440002,964.909973,56.759998,93.349678,69.410194,151.285339,100.763435,123.18,147.594345,89.490807
2017-06-13,150.679993,980.789978,57.900002,94.927139,70.275581,153.084717,101.191154,124.510002,148.936386,90.79068
2017-06-14,150.25,976.469971,58.450001,95.166756,69.897591,155.838425,101.787979,124.620003,149.791306,90.390717
2017-06-15,149.800003,964.169983,58.91,94.0186,69.529556,155.848373,102.971672,125.470001,150.278412,90.330719
2017-06-16,150.639999,987.710022,58.799999,94.0186,69.629028,155.719131,103.92659,124.650002,151.093582,89.54081
2017-06-19,152.869995,995.169983,60.32,94.637604,70.494415,157.876373,104.185211,125.190002,152.236801,89.740784
2017-06-20,152.25,992.590027,60.150002,94.228264,69.539505,156.743073,103.429237,124.620003,153.161316,89.100845
2017-06-21,153.910004,1002.22998,60.68,94.388008,69.897591,155.669418,101.708397,125.379997,152.823318,89.6008
2017-06-22,153.399994,1001.299988,61.16,93.79895,69.88765,154.565948,99.728943,124.910004,153.887009,90.470711
2017-06-23,155.070007,1003.73999,60.439999,95.426338,70.832611,150.420471,100.713699,124.800003,153.727951,91.250633
2017-06-26,153.589996,993.97998,60.220001,95.066917,70.156219,150.529816,103.329765,124.330002,153.051971,90.24073
2017-06-27,150.580002,976.780029,58.290001,94.747429,68.843208,151.345001,103.091034,122.849998,152.813385,89.850769
2017-06-28,153.240005,990.330017,58.810001,96.075294,69.430092,152.329178,104.244896,124.059998,153.389954,91.87056
2017-06-29,151.039993,975.929993,57.580002,94.268196,68.127029,151.265472,103.648071,121.610001,152.226868,90.400719
2017-06-30,150.979996,968.0,57.57,93.629227,68.564697,152.498169,103.140778,122.339996,152.256683,90.310722
2017-07-03,148.429993,953.659973,56.259998,93.199921,67.808723,153.104584,104.59304,121.309998,151.600571,90.040756
2017-07-05,150.339996,971.400024,57.16,93.858864,68.713905,151.792358,103.996223,122.349998,152.167221,89.870766
2017-07-06,148.820007,965.140015,56.619999,93.100082,68.206604,151.156128,103.598335,121.790001,152.187088,88.400925
2017-07-07,151.440002,978.76001,58.09,93.769005,69.091888,151.335052,104.762138,122.769997,155.348343,88.980858
2017-07-10,153.5,996.469971,58.509998,94.937119,69.609138,150.291229,104.374207,122.800003,154.602768,88.6409
2017-07-11,155.270004,994.130005,57.98,95.256615,69.61908,149.714645,103.896744,122.029999,153.996368,88.300926
2017-07-12,158.899994,1006.51001,61.02,96.025368,70.772934,151.692947,103.906693,123.440002,155.656509,90.18074
2017-07-13,159.259995,1000.630005,60.5,95.785759,71.389641,152.388824,104.632828,123.269997,154.12558,90.670685
2017-07-14,159.970001,1001.809998,60.75,96.774162,72.394295,151.981247,104.07579,123.610001,154.364182,91.850563
2017-07-17,159.729996,1010.039978,60.5,96.674324,72.961273,152.985306,104.453781,125.25,154.344284,91.360619
2017-07-18,162.860001,1024.449951,61.330002,97.423119,72.911537,151.275406,103.986267,125.059998,153.051971,91.700577
2017-07-19,164.139999,1026.869995,61.330002,98.092041,73.468567,152.398773,105.358955,125.760002,152.982376,92.790474
2017-07-20,164.529999,1028.699951,61.080002,97.952271,73.82666,146.165634,105.15007,126.230003,153.300491,93.600388
2017-07-21,164.429993,1025.670044,60.93,99.439873,73.398941,145.787857,104.851662,126.709999,153.012192,93.77037
2017-07-24,166.0,1038.949951,61.439999,100.208633,73.209946,143.730042,105.438538,126.480003,150.954407,94.790268
2017-07-25,165.279999,1039.869995,60.950001,99.829239,73.796822,146.105988,105.7071,126.389999,158.131836,95.000244
2017-07-26,165.610001,1052.800049,62.639999,100.687859,73.657562,145.827637,104.583092,127.010002,155.586914,95.290215
2017-07-27,170.440002,1046.0,61.169998,99.40992,72.772285,146.861511,104.384155,126.970001,156.024323,94.610283
2017-07-28,172.449997,1020.039978,61.450001,98.990593,72.652916,147.209457,104.911346,126.230003,154.930817,94.510292
2017-07-31,169.25,987.780029,61.779999,99.399933,72.314713,148.720535,104.712402,128.5,154.225006,94.360313
2017-08-01,169.860001,996.190002,62.400002,100.707832,72.195358,148.969055,105.697159,129.270004,153.131485,95.500191
2017-08-02,169.300003,995.890015,61.450001,101.117172,71.877052,149.615234,103.28997,123.970001,155.666443,95.400208
2017-08-03,168.589996,986.919983,63.970001,100.428276,71.767632,149.903519,103.28997,123.970001,153.80748,95.140228
2017-08-04,169.619995,987.580017,62.009998,100.727798,72.294823,151.852005,104.384155,123.080002,152.912796,97.709969
2017-08-07,171.979996,992.27002,62.509998,101.326828,72.016312,152.448486,103.339714,124.080002,154.056,96.750069
2017-08-08,171.229996,989.840027,61.330002,101.117172,72.404243,152.448486,104.19516,123.580002,154.006302,96.940041
2017-08-09,171.179993,982.01001,61.380001,100.807671,72.085938,154.347244,104.463722,123.300003,154.006302,96.010132
2017-08-10,167.399994,956.919983,60.209999,99.330048,71.031555,152.975372,102.444481,122.489998,155.696274,93.630386
2017-08-11,168.080002,967.98999,60.740002,99.929077,72.115776,153.969482,101.996864,122.839996,156.372269,93.300415
2017-08-14,170.75,983.299988,61.889999,101.706223,73.199997,153.353119,103.677917,124.050003,156.332489,94.470299
2017-08-15,171.0,982.73999,61.970001,102.464996,73.220001,149.28717,102.792625,124.699997,156.690369,94.31031
2017-08-16,170.0,978.179993,62.889999,103.32,73.650002,151.35495,102.06649,124.830002,157.962814,94.590286
2017-08-17,166.910004,960.570007,61.369999,102.160004,72.400002,148.790115,99.78862,121.089996,156.958786,93.660378
2017-08-18,167.410004,958.469971,62.009998,102.510002,72.489998,146.622925,99.480263,120.360001,156.829544,93.750374
2017-08-21,167.779999,953.289978,61.779999,103.220001,72.150002,148.322876,98.8536,120.769997,157.42601,94.560287
2017-08-22,169.639999,966.900024,64.260002,104.07,73.160004,149.028702,99.37085,122.620003,158.698456,95.840157
2017-08-23,168.710007,958.0,64.010002,103.18,72.720001,148.223465,99.529999,122.150002,157.873352,94.57029
2017-08-24,167.740005,952.450012,63.43,103.220001,72.690002,147.378464,98.220001,121.510002,157.475723,94.25032
2017-08-25,166.320007,945.26001,62.580002,103.349998,72.82,148.770218,98.489998,122.32,157.883301,93.340408
2017-08-28,167.240005,946.02002,62.75,103.779999,72.830002,150.5,95.440002,122.830002,158.728287,93.860359
2017-08-29,168.050003,954.059998,63.48,103.769997,73.050003,149.839996,94.519997,123.019997,158.440002,93.980347
2017-08-30,169.919998,967.590027,65.68,103.730003,74.010002,150.0,94.779999,123.209999,159.529999,94.510292
2017-08-31,171.970001,980.599976,65.559998,103.519997,74.769997,149.869995,94.690002,123.709999,159.970001,95.480194
2017-09-01,172.020004,978.25,65.120003,103.900002,73.940002,150.779999,94.599998,123.0,159.809998,95.510185
2017-09-05,170.720001,965.27002,65.050003,103.010002,73.610001,152.929993,90.459999,121.860001,159.100006,94.840256
2017-09-06,172.089996,967.799988,64.0,103.18,73.400002,156.559998,91.07,122.410004,158.220001,94.760262
2017-09-07,173.210007,979.469971,65.830002,104.559998,74.339996,157.929993,87.739998,122.830002,159.899994,95.980141
2017-09-08,170.949997,965.900024,64.93,104.43,73.980003,159.660004,90.769997,122.660004,159.710007,95.080231
2017-09-11,173.509995,977.960022,66.160004,106.150002,74.760002,158.369995,93.339996,124.32,161.529999,96.490089
2017-09-12,172.960007,982.580017,66.089996,106.209999,74.68,159.910004,94.040001,124.580002,156.330002,98.069931
2017-09-13,173.050003,999.599976,65.400002,105.830002,75.209999,160.020004,93.769997,123.989998,157.0,97.369995
2017-09-14,170.960007,992.210022,65.169998,106.080002,74.769997,159.380005,93.260002,123.550003,157.0,97.029999
2017-09-15,171.639999,986.789978,65.0,105.300003,75.309998,158.399994,93.849998,124.050003,156.919998,97.559998
2017-09-18,170.009995,974.190002,64.199997,104.830002,75.160004,157.809998,93.800003,125.529999,156.679993,96.989998
2017-09-19,172.520004,969.859985,64.309998,105.410004,75.440002,157.660004,92.970001,125.169998,157.429993,96.080002
2017-09-20,172.169998,973.210022,65.0,104.970001,74.940002,158.679993,93.279999,125.099998,159.880005,95.620003
2017-09-21,171.110001,964.650024,64.110001,105.309998,74.209999,159.190002,93.599998,124.760002,159.029999,96.339996
2017-09-22,170.539993,955.099976,63.900002,105.559998,74.410004,159.970001,94.449997,126.230003,158.910004,95.82
2017-09-25,162.869995,939.789978,62.139999,103.019997,73.260002,161.100006,94.940002,127.110001,156.259995,94.199997
2017-09-26,164.210007,938.599976,61.759998,102.940002,73.260002,161.259995,94.370003,127.480003,153.350006,94.349998
2017-09-27,167.679993,950.869995,63.09,103.889999,73.849998,160.919998,95.650002,128.360001,154.050003,94.480003
2017-09-28,168.729996,956.400024,63.540001,104.580002,73.870003,162.360001,95.779999,128.210007,157.490005,93.940002
2017-09-29,170.869995,961.349976,64.510002,105.239998,74.489998,163.559998,95.519997,128.960007,156.679993,95.029999
2017-10-02,169.470001,959.190002,63.389999,105.440002,74.610001,164.020004,95.660004,128.869995,156.960007,96.129997
2017-10-03,169.960007,957.099976,63.450001,105.589996,74.260002,165.169998,95.699997,128.830002,156.860001,96.620003
2017-10-04,168.419998,965.450012,62.630001,105.309998,74.690002,165.289993,95.290001,128.580002,157.210007,96.419998
2017-10-05,171.240005,980.849976,63.09,106.239998,75.970001,166.119995,95.489998,128.910004,158.800003,96.790001
2017-10-06,172.229996,989.580017,63.25,106.730003,76.0,165.850006,96.040001,127.480003,159.600006,96.949997
2017-10-09,172.5,990.98999,61.18,107.010002,76.290001,165.710007,95.599998,127.510002,160.119995,98.150002
2017-10-10,171.589996,987.200012,61.450001,107.309998,76.290001,165.160004,95.82,127.870003,160.580002,98.519997
2017-10-11,172.740005,995.0,61.360001,108.440002,76.419998,165.25,95.32,126.739998,163.149994,99.07
2017-10-12,172.550003,1000.929993,62.049999,108.110001,77.120003,164.589996,95.949997,127.169998,163.910004,99.059998
2017-10-13,173.740005,1002.940002,61.080002,108.660004,77.489998,164.470001,95.709999,127.080002,165.369995,99.639999
2017-10-16,174.520004,1006.340027,61.48,108.300003,77.650002,164.220001,96.220001,127.199997,165.009995,99.339996
2017-10-17,176.110001,1009.130005,61.66,107.540001,77.589996,163.350006,95.860001,126.629997,165.399994,97.68
2017-10-18,176.029999,997.0,61.5,107.800003,77.610001,163.449997,101.800003,127.07,165.770004,96.870003
2017-10-19,174.559998,986.609985,61.990002,107.019997,77.910004,163.240005,101.139999,127.550003,166.5,96.809998
2017-10-20,174.979996,982.909973,62.630001,107.550003,78.809998,163.429993,99.889999,128.440002,166.300003,97.169998
2017-10-23,171.270004,966.299988,61.459999,107.529999,78.830002,164.740005,99.489998,127.989998,163.339996,97.440002
2017-10-24,171.800003,975.900024,62.73,108.410004,78.860001,166.029999,99.68,127.389999,163.880005,97.739998
2017-10-25,170.600006,972.909973,61.810001,109.489998,78.629997,166.070007,99.800003,128.210007,163.580002,99.519997
2017-10-26,170.630005,972.429993,62.060001,109.800003,78.760002,167.649994,100.43,128.940002,164.009995,100.400002
2017-10-27,177.880005,1100.949951,64.139999,109.709999,83.809998,167.339996,100.050003,130.179993,165.389999,101.57
2017-10-30,179.869995,1110.849976,65.300003,110.040001,83.889999,165.309998,100.849998,129.449997,166.229996,101.879997
2017-10-31,180.059998,1105.280029,65.489998,109.980003,83.18,165.779999,100.650002,129.429993,166.910004,103.949997
2017-11-01,182.660004,1103.680054,65.330002,111.07,83.18,165.380005,101.169998,125.519997,166.369995,102.550003
