Date,LH,PFE,WAT,MCO,EBAY,ZBH,CSCO,MRK,MDT,ABBV
2015-12-31,123.639999,29.926397,134.580002,97.562645,27.48,101.111046,25.341749,50.067657,74.097366,55.027214
2016-01-04,122.889999,29.620461,130.350006,94.528999,26.43,100.342285,24.833977,49.745384,72.989571,53.51313
2016-01-05,122.0,29.833691,129.809998,95.841637,26.120001,102.431732,24.721138,50.380466,73.2015,53.290199
2016-01-06,120.839996,29.30525,129.710007,94.130348,26.41,102.875244,24.457848,49.688507,73.403778,53.299484
2016-01-07,118.589996,29.110558,128.820007,90.153557,25.690001,100.50985,23.89365,49.252476,71.679482,53.141571
2016-01-08,116.25,28.739725,126.720001,87.586632,25.75,100.086037,23.301247,48.418339,71.072586,51.692516
2016-01-11,115.620003,28.804619,126.080002,88.345047,26.1,98.361267,23.762003,48.579475,70.32122,50.048382
2016-01-12,115.120003,28.739725,126.82,88.646469,26.209999,101.387016,23.837233,49.062901,73.634987,50.940117
2016-01-13,111.769997,28.155659,123.919998,84.698845,25.41,99.741089,23.131989,48.02021,71.910675,48.039711
2016-01-14,111.690002,28.841703,127.029999,85.68087,25.860001,101.219467,23.188408,49.100819,72.045532,51.212318
2016-01-15,111.07,28.56358,126.239998,83.609848,25.26,99.622818,22.210468,48.475204,71.207451,53.821743
2016-01-19,109.93,28.452328,125.849998,84.037659,25.77,97.809334,22.426744,48.664783,71.843246,51.615936
2016-01-20,109.690002,28.424517,125.019997,83.745964,25.82,96.863174,21.533436,47.915951,71.833595,53.643398
2016-01-21,109.0,28.350348,124.559998,83.42511,26.09,96.764626,21.533436,48.266663,71.862503,54.77916
2016-01-22,112.959999,28.470867,127.209999,85.972588,26.43,97.720642,21.975389,48.674267,73.134071,55.220322
2016-01-25,110.989998,28.276182,127.620003,84.348801,26.139999,97.631935,21.787325,48.266663,72.922134,55.051373
2016-01-26,112.699997,28.433788,122.550003,85.885063,26.65,100.273308,22.304501,48.769054,72.816162,54.685295
2016-01-27,112.82,28.294722,121.25,85.573929,26.42,100.174736,22.031807,47.745331,72.719841,53.605862
2016-01-28,109.790001,27.998053,117.449997,84.718277,23.129999,96.143707,21.730904,46.636295,71.19783,52.423172
2016-01-29,112.349998,28.266909,121.209999,86.672661,23.459999,97.829056,22.370323,48.029697,73.134071,51.53146
2016-02-01,112.269997,27.97024,120.360001,85.573929,23.940001,97.602371,22.078825,48.105526,74.029938,51.05275
2016-02-02,109.330002,27.942429,118.0,83.259804,23.290001,96.62664,21.467613,47.783245,73.702415,50.639748
2016-02-03,108.849998,27.783241,118.839996,83.220917,23.5,95.857887,21.721502,47.442001,73.355629,53.352425
2016-02-04,108.330002,27.155846,117.919998,84.698845,23.49,96.143707,22.135242,46.058083,73.403778,53.277328
2016-02-05,106.169998,27.183939,115.470001,81.383224,23.200001,93.640327,21.524031,46.806919,71.727638,49.860676
2016-02-08,100.940002,26.743826,113.620003,77.182808,22.48,90.70327,21.561644,46.285576,69.96479,49.644787
2016-02-09,102.529999,27.249485,115.830002,77.814812,22.01,90.575157,21.298357,46.598381,70.398277,50.198586
2016-02-10,104.589996,27.614687,117.68,77.853722,22.32,91.570602,21.16671,46.9491,71.438644,49.485218
2016-02-11,101.400002,27.277578,116.459999,76.278542,22.08,90.35833,23.207214,46.304531,69.955162,48.978348
2016-02-12,103.019997,27.492952,118.410004,80.031708,22.49,90.456879,23.611557,46.475151,70.706535,49.353806
2016-02-16,104.5,27.914333,120.019997,81.402679,22.950001,92.270363,24.297991,47.186069,71.997375,50.226742
2016-02-17,105.800003,27.745783,122.129997,83.717308,23.219999,93.995132,24.880991,47.963341,72.825806,51.634708
2016-02-18,108.629997,27.670868,121.199997,83.727074,23.530001,93.719162,24.852779,47.697933,72.218925,51.20293
2016-02-19,108.720001,27.614687,121.370003,83.658714,23.809999,93.4235,24.965622,47.508358,72.613876,50.958885
2016-02-22,110.57,28.139074,122.690002,86.061241,24.24,93.768448,25.040844,48.124485,73.86618,51.888138
2016-02-23,109.400002,28.054798,121.07,84.918549,23.620001,92.21122,24.561281,47.906467,73.018471,51.691029
2016-02-24,110.18,28.110985,120.760002,84.625587,23.959999,92.98983,24.749342,47.925426,73.625351,51.522068
2016-02-25,110.720001,28.644735,121.809998,86.569099,24.18,95.493217,25.012638,48.342506,74.810219,52.751694
2016-02-26,111.029999,28.307629,121.839996,86.530014,24.18,96.123993,24.833977,48.001255,74.453789,52.563969
2016-02-29,109.839996,27.783241,120.309998,86.725349,23.799999,95.414375,24.617701,47.593666,74.550125,51.259254
2016-03-01,111.18,28.129711,123.550003,89.401329,24.25,95.986015,25.22891,49.053421,71.457924,52.883102
2016-03-02,109.870003,28.073526,126.029999,90.143585,23.719999,96.035301,25.294735,49.546326,71.852859,52.282375
2016-03-03,111.919998,27.98925,126.349998,92.643761,23.940001,97.464386,25.266525,49.385178,72.170761,52.49826
2016-03-04,112.169998,27.820694,127.099998,93.171143,24.41,97.858627,25.200701,49.366222,72.835442,52.704765
2016-03-07,111.830002,27.895609,128.009995,92.253105,24.26,99.228584,25.520411,49.897045,73.220779,52.939426
2016-03-08,110.32,27.492952,127.75,90.61235,24.07,99.100464,25.435781,49.716938,72.671669,51.925682
2016-03-09,111.139999,27.848787,127.919998,90.885818,23.950001,98.932907,25.962362,49.631634,72.777649,52.930035
2016-03-10,111.43,27.70833,127.489998,90.954185,23.690001,99.405983,25.74609,50.276203,73.471214,52.779854
2016-03-11,115.489998,28.560459,129.149994,92.292175,24.02,103.092079,26.197443,50.869038,74.511597,54.187813
2016-03-14,115.029999,28.185896,128.960007,91.491325,24.280001,103.535591,26.046997,50.754295,74.68499,53.699722
2016-03-15,112.580002,27.661507,129.160004,91.4132,23.58,102.806259,26.00938,50.123211,74.029938,52.207279
2016-03-16,114.07,27.193304,129.949997,92.507042,23.68,102.756973,26.216249,49.664246,73.837265,52.854942
2016-03-17,112.330002,27.474226,127.760002,95.222084,23.76,102.096626,26.507755,49.272209,72.729477,51.925682
2016-03-18,114.669998,27.577229,129.949997,94.792358,23.77,103.003372,26.639397,49.960659,73.461586,53.098991
2016-03-21,114.120003,28.157804,130.149994,93.698532,24.34,102.875244,26.507755,50.486557,72.450127,52.573349
2016-03-22,113.889999,28.44809,129.979996,93.669243,24.129999,102.904808,26.592382,50.706482,72.556625,53.971928
2016-03-23,113.919998,28.270172,130.649994,92.057785,24.17,102.924522,26.169235,50.754295,72.130615,52.901875
2016-03-24,114.019997,28.16717,129.830002,90.778389,24.33,102.244453,26.291475,50.744736,71.61747,52.676598
2016-03-28,114.129997,27.886246,129.940002,90.807686,24.120001,102.835823,26.235058,50.515247,71.627151,52.667213
2016-03-29,115.739998,28.139074,131.679993,93.288345,24.1,104.55468,26.423126,50.98378,73.079445,53.549538
2016-03-30,117.849998,28.157804,132.160004,93.620407,24.040001,105.404243,26.761639,50.888161,73.021347,53.502609
2016-03-31,117.129997,27.755146,131.919998,94.304047,23.860001,105.335091,26.771042,50.591743,72.614716,53.615242
2016-04-01,118.43,28.129711,133.410004,95.280678,23.879999,106.066101,26.977917,51.347126,72.972954,53.896835
2016-04-04,118.279999,28.766468,132.889999,94.001282,24.030001,105.562302,26.702728,52.016457,73.873367,55.577007
2016-04-05,117.300003,29.36577,131.009995,91.579216,24.389999,104.692986,26.171333,51.863468,73.089127,54.948116
2016-04-06,119.589996,30.835934,134.190002,92.233589,25.43,106.777359,26.569878,53.192566,74.851234,56.215282
2016-04-07,118.459999,30.676741,130.149994,90.690475,24.1,106.836624,26.19031,52.991764,73.71846,55.66148
2016-04-08,118.519997,30.433279,131.330002,91.129982,24.07,107.636795,26.275711,52.934395,73.941139,54.882412
2016-04-11,117.639999,29.862066,130.660004,91.774567,24.059999,107.972672,26.209286,52.637978,73.253723,54.910572
2016-04-12,117.559998,29.927612,132.190002,93.09301,24.42,110.215103,26.228268,52.915272,74.183197,56.215282
2016-04-13,118.25,30.470736,134.740005,95.671341,25.08,113.060112,26.788132,53.50811,74.88028,55.968887
2016-04-14,119.010002,30.573742,134.889999,95.70063,25.209999,114.028229,26.807108,53.976639,74.90934,56.177376
2016-04-15,119.559998,30.433279,135.809998,95.505318,25.219999,112.645233,26.474987,53.680222,74.647926,56.395336
2016-04-18,118.82,30.536283,138.309998,96.335449,25.309999,112.230324,26.750174,54.034004,75.161064,56.745972
2016-04-19,118.989998,30.798471,136.619995,97.26326,24.299999,112.457542,26.883024,54.368675,75.625801,57.020794
2016-04-20,119.010002,31.116852,136.410004,98.41568,24.66,113.445396,26.987406,54.100945,76.177673,57.314571
2016-04-21,121.0,31.126223,137.679993,97.302315,24.690001,113.010742,26.797621,54.120064,76.022758,58.15799
2016-04-22,121.769997,31.154316,138.139999,96.472183,24.4,113.366356,26.712217,54.253933,76.477814,58.205368
2016-04-25,125.099998,31.098125,137.570007,96.569847,24.219999,113.267578,26.788132,53.756714,76.865097,57.778923
2016-04-26,126.739998,30.948298,133.339996,97.360924,24.49,113.810898,26.996897,53.584602,76.216393,57.741013
2016-04-27,127.0,30.901482,133.240005,97.468353,25.27,114.482643,27.177191,53.842773,76.923187,57.523052
2016-04-28,125.57,30.817207,131.649994,96.784714,24.620001,113.603439,26.531919,53.297745,77.242683,57.996887
2016-04-29,125.32,30.629921,130.160004,93.483665,24.43,114.364098,26.08593,52.43718,76.632729,57.80735
2016-05-02,125.860001,30.714199,132.880005,93.766899,24.26,114.522156,25.972059,52.877026,76.826363,58.224327
2016-05-03,125.330002,31.556969,131.270004,92.360535,23.98,113.504669,25.488106,52.666672,76.913498,58.537052
2016-05-04,124.18,31.276047,130.729996,91.48156,23.799999,113.297211,25.08956,52.408493,76.313217,58.243275
2016-05-05,124.489998,31.435234,131.100006,91.110458,23.809999,114.532036,24.871304,51.720039,76.971588,59.077221
2016-05-06,124.290001,31.444603,132.809998,92.253105,23.82,113.998589,25.174959,51.251511,77.203949,59.238319
2016-05-09,124.940002,31.669329,133.710007,92.448441,24.02,115.016083,25.155981,51.729599,77.7752,60.366039
2016-05-10,126.699997,31.650608,135.699997,94.040352,24.16,115.954536,25.649424,52.284191,78.646568,60.403946
2016-05-11,126.730003,31.329378,134.550003,92.682831,23.74,115.510002,25.336277,51.930405,78.530388,59.418381
2016-05-12,125.760002,31.357721,134.960007,92.526558,23.58,116.013817,25.30781,51.74873,78.753075,59.219372
2016-05-13,126.82,31.357721,134.759995,91.628067,23.780001,116.013817,25.174959,51.519241,78.143112,58.755013
2016-05-16,127.440002,31.537233,136.009995,92.555862,23.799999,118.147583,25.592485,52.255508,79.285576,59.181465
2016-05-17,126.190002,31.206554,134.490005,91.510872,23.27,117.060936,25.28883,51.93996,78.239929,57.096607
2016-05-18,126.279999,31.338821,135.050003,92.324684,23.690001,117.377068,25.355255,52.274628,78.036606,57.295616
2016-05-19,126.099998,31.537233,134.919998,91.255928,23.42,116.7547,26.161842,52.188572,77.455688,56.177376
2016-05-20,126.610001,31.877359,135.440002,92.001114,23.65,117.880867,26.541412,52.695351,77.959152,56.56591
2016-05-23,126.599998,31.811218,135.110001,91.883469,23.459999,117.979645,26.512945,52.513672,77.746162,56.196327
2016-05-24,128.160004,32.217484,137.559998,95.893738,24.049999,119.293503,27.015873,53.163879,78.365807,57.523052
2016-05-25,127.580002,32.453678,137.610001,96.207504,24.040001,120.449287,27.442888,54.091381,78.501343,58.015842
2016-05-26,127.309998,32.529263,136.710007,95.658417,24.120001,121.002487,27.423908,53.91927,78.598167,58.660255
2016-05-27,128.009995,32.699326,137.449997,96.805611,24.360001,121.575455,27.442888,54.005322,79.091949,59.427853
2016-05-31,127.949997,32.784359,137.550003,96.717361,24.459999,120.627098,27.566248,53.79496,77.920425,59.636337
2016-06-01,128.240005,32.8316,138.460007,96.933083,24.07,120.666618,27.423908,53.861897,77.959152,59.541576
2016-06-02,129.559998,32.944973,139.759995,97.648849,24.25,121.417397,27.594719,54.330421,80.350601,61.683289
2016-06-03,128.899994,32.774918,138.380005,96.835022,23.98,120.340622,27.642162,54.158314,80.302185,61.597996
2016-06-06,129.979996,33.001667,138.779999,99.031372,23.99,120.064026,27.613697,54.665089,80.670097,59.532097
2016-06-07,129.580002,32.91663,138.210007,98.237144,24.280001,117.979645,27.585224,54.502541,81.057381,59.79744
2016-06-08,131.479996,33.303997,139.679993,99.099998,24.23,118.305641,27.651649,55.095371,82.093346,58.499146
2016-06-09,131.190002,33.360687,140.050003,99.099998,24.33,117.950012,27.651649,54.674648,83.051857,57.570435
2016-06-10,130.300003,33.341789,138.039993,97.501785,24.07,117.782082,27.547272,54.320869,82.974411,57.80735
2016-06-13,127.540001,32.822159,135.630005,96.403603,23.889999,116.804108,27.366976,54.089512,82.974411,56.793358
2016-06-14,127.790001,33.058353,135.910004,96.325157,23.879999,115.401344,27.480846,54.224464,82.77108,56.764927
2016-06-15,126.389999,32.869389,134.990005,96.433014,23.959999,115.006203,27.18668,54.070229,81.551163,57.238754
2016-06-16,127.349998,32.8316,135.369995,95.079918,23.85,115.292686,27.395445,55.429455,81.899712,57.712589
2016-06-17,125.699997,32.330856,134.020004,94.805374,23.790001,115.065483,27.471357,53.87743,81.464027,56.869167
2016-06-20,127.510002,32.595406,136.460007,96.727173,24.57,116.221268,27.329018,54.118423,81.783539,56.96394
2016-06-21,128.229996,32.8316,136.100006,96.550682,24.700001,117.149849,27.30055,54.224464,81.899712,56.84074
2016-06-22,129.759995,32.567062,137.229996,96.344772,24.34,117.427002,27.253105,54.986023,81.580208,57.229275
2016-06-23,131.179993,32.680435,138.399994,99.71772,24.85,119.693787,27.727564,55.602974,83.042183,58.101128
2016-06-24,129.619995,32.094662,135.529999,91.834435,23.129999,115.506683,26.332647,53.867786,80.612022,56.72702
2016-06-27,125.529999,31.934048,132.5,86.167099,22.719999,114.170364,25.915123,53.318314,79.760002,55.60878
2016-06-28,126.470001,32.538715,133.990005,87.363312,22.99,116.130295,26.370605,53.57859,81.464027,56.850216
2016-06-29,129.380005,33.077244,134.649994,89.794983,23.309999,117.941734,26.816599,54.995659,82.732361,58.574959
2016-06-30,130.270004,33.266205,140.649994,91.883469,23.41,119.159264,27.224638,55.535492,84.010384,58.669727
2016-07-01,131.289993,33.606331,142.070007,92.246239,23.780001,119.456223,27.329018,55.853607,84.2621,59.427853
2016-07-05,130.729996,33.83308,141.520004,90.77549,23.76,118.733627,27.127932,55.911449,84.281471,58.679203
2016-07-06,131.970001,33.880322,142.649994,91.157883,23.83,120.545059,27.501381,57.029675,85.089058,60.05331
2016-07-07,131.970001,33.795292,142.470001,92.393326,23.93,120.782623,27.520531,56.663357,85.127991,60.110168
2016-07-08,135.300003,34.125965,146.529999,94.844604,24.610001,123.623528,28.018467,57.212837,85.974495,60.801971
2016-07-11,135.550003,34.154312,145.779999,95.942757,24.860001,123.8116,28.181255,57.203197,86.120453,60.982018
2016-07-12,136.25,34.239346,147.610001,98.217545,25.129999,124.187744,28.353617,57.453835,86.519379,62.071827
2016-07-13,135.899994,34.305481,147.919998,99.737328,25.120001,124.296638,28.487677,57.405636,86.353966,61.918869
2016-07-14,136.320007,34.881798,149.270004,101.00219,26.08,125.009331,28.497252,57.502033,86.431808,60.819492
2016-07-15,136.190002,34.740086,148.830002,101.32576,26.34,124.148148,28.554705,57.482754,85.974495,60.5327
2016-07-18,136.419998,34.61726,148.929993,101.933662,26.49,123.554237,28.640888,56.894718,85.809097,60.762135
2016-07-19,136.800003,34.61726,148.789993,101.570877,26.5,123.257278,28.650463,56.54768,85.993958,60.5327
2016-07-20,138.119995,34.655048,150.580002,102.198418,26.99,125.207306,29.330336,56.673,86.353966,60.618736
2016-07-21,137.880005,34.683395,149.460007,102.276848,29.93,124.019478,29.282459,56.673,85.565842,61.07761
2016-07-22,138.820007,34.711742,149.399994,103.237747,30.49,123.21769,29.406942,56.701916,84.748512,61.001129
2016-07-25,137.839996,34.749531,148.440002,103.639748,30.68,122.099144,29.483549,56.451283,84.573372,61.488682
2016-07-26,138.0,34.796776,155.089996,104.120209,31.4,122.366402,29.569729,56.258484,85.86747,61.612957
2016-07-27,137.600006,34.815662,157.399994,103.07106,31.309999,121.435944,29.454821,56.489838,85.118248,62.043152
2016-07-28,138.509995,34.645607,157.059998,104.110397,31.17,126.177368,29.225006,56.325962,85.059875,61.871075
2016-07-29,139.559998,34.853458,158.929993,103.94371,31.16,129.81015,29.234581,56.54768,85.264206,63.314613
2016-08-01,139.630005,35.250267,159.580002,103.218132,31.25,129.730942,29.426094,56.54768,85.682602,63.993355
2016-08-02,139.380005,34.381058,157.210007,102.159187,30.790001,129.265732,29.320761,56.229565,85.273933,63.840385
2016-08-03,140.130005,33.618942,157.199997,102.551392,30.950001,129.107346,29.416517,55.574055,84.330116,63.639629
2016-08-04,140.089996,33.485573,157.449997,101.884651,31.059999,129.582489,29.493122,55.75721,84.417694,63.190331
2016-08-05,140.759995,33.761841,157.25,103.002419,31.389999,130.06752,29.722942,61.560432,84.738777,63.610954
2016-08-08,139.350006,33.27599,157.389999,102.463158,31.15,130.32489,29.694212,60.596439,84.612305,63.419758
2016-08-09,139.970001,33.418892,158.270004,102.208214,31.110001,131.740356,29.627184,60.239769,85.371231,63.821278
2016-08-10,140.149994,33.466522,158.509995,101.68853,31.120001,127.612656,29.541002,60.384361,84.93338,63.505806
2016-08-11,140.979996,33.485573,159.300003,102.472946,31.200001,128.186783,29.636761,61.338715,85.429626,64.002899
2016-08-12,140.050003,33.323624,158.25,101.44342,30.889999,128.028397,29.560154,61.06879,85.176636,64.232353
2016-08-15,139.770004,33.447472,159.139999,103.022034,31.049999,128.592621,29.866577,61.039879,85.536644,64.423546
2016-08-16,138.889999,33.142624,158.229996,102.08075,30.83,126.998955,29.799545,60.769958,84.913925,63.802147
2016-08-17,138.240005,33.476048,158.490005,102.119965,30.610001,126.484215,29.416517,61.010956,84.777702,63.888195
2016-08-18,138.710007,33.523678,159.100006,102.562767,30.52,126.721794,29.186703,61.338715,84.729057,63.830826
2016-08-19,138.050003,33.323624,160.259995,102.907173,30.629999,126.484215,29.225006,61.078434,84.69014,64.146301
2016-08-22,138.429993,33.19025,160.779999,102.828438,30.620001,126.959351,29.330336,61.261597,84.96257,64.060272
2016-08-23,138.070007,33.428413,161.820007,103.940376,30.67,128.454056,29.665485,61.290516,85.429626,63.25724
2016-08-24,136.320007,33.1712,157.990005,103.87149,31.25,126.504021,29.74209,60.471127,84.310677,62.19611
2016-08-25,135.419998,33.123569,158.110001,104.009247,31.34,126.860367,29.962334,60.075886,83.084679,61.871075
2016-08-26,136.039993,33.1712,158.210007,104.520935,31.309999,128.196671,30.019785,60.586803,84.262009,61.765915
2016-08-29,137.740005,33.447472,158.899994,105.445908,31.4,129.265732,30.240028,60.741039,85.098793,61.670322
2016-08-30,137.630005,33.228363,157.520004,106.508621,31.77,128.553009,30.201725,60.451843,84.505257,61.335728
2016-08-31,136.929993,33.152145,157.309998,106.951431,32.16,128.29567,30.105968,60.528965,84.680405,61.278362
2016-09-01,136.130005,33.037827,156.100006,106.813675,32.130001,127.048454,30.240028,60.635002,84.631752,61.211445
2016-09-02,137.710007,33.123569,156.190002,107.679581,32.279999,128.087784,30.47942,60.71212,84.96257,61.297489
2016-09-06,138.369995,33.123569,156.690002,108.329033,32.41,128.622314,30.517723,60.962757,84.81662,61.765915
2016-09-07,140.460007,33.19025,159.229996,108.388069,32.509998,128.652008,30.441116,60.606079,83.824165,62.110065
2016-09-08,139.119995,33.075935,159.490005,108.181435,32.700001,128.681732,30.134695,60.962757,83.931198,61.24012
2016-09-09,135.020004,32.485291,151.130005,104.914543,31.889999,124.019478,29.541002,60.239769,82.578728,60.570942
2016-09-12,136.970001,33.009251,153.440002,106.872711,32.490002,125.266701,30.105968,60.914558,83.87281,61.259247
2016-09-13,133.339996,32.428131,153.070007,105.60334,31.91,122.267418,29.74209,60.021187,82.54953,60.551823
2016-09-14,132.990005,32.33287,152.889999,105.60334,31.799999,122.158539,29.684637,59.574497,82.393845,60.551823
2016-09-15,134.679993,32.523399,155.160004,106.961273,31.98,123.623528,29.981482,60.574688,83.347389,60.561382
2016-09-16,135.380005,32.33287,153.889999,106.744789,31.77,123.039513,29.531427,60.477581,83.687943,60.484898
2016-09-19,135.009995,32.056602,154.679993,106.744789,31.57,123.702713,29.703787,59.55508,83.668472,60.140751
2016-09-20,134.669998,32.209026,155.089996,106.223267,31.360001,123.524544,29.780396,60.147419,84.028488,60.494457
2016-09-21,136.720001,32.656769,156.720001,107.709114,31.969999,126.142807,30.029364,60.885426,84.78743,61.278362
2016-09-22,137.830002,32.532921,157.820007,108.397919,32.279999,127.808975,30.316633,61.196167,85.449081,62.215229
2016-09-23,137.389999,32.637714,157.669998,107.522148,32.07,127.273415,30.010212,61.137901,85.342049,62.119625
2016-09-26,137.020004,32.047073,156.779999,107.246628,31.67,125.83535,29.751669,60.351349,84.223091,61.24968
2016-09-27,137.789993,32.228085,159.479996,108.230637,31.940001,126.956047,30.14427,60.75919,84.751129,61.727676
2016-09-28,136.889999,32.380501,158.240005,107.817352,31.85,127.551102,30.163422,61.46806,84.81958,61.393082
2016-09-29,135.460007,31.742228,156.339996,106.026459,32.299999,126.787453,30.058088,60.11829,83.509254,60.05471
2016-09-30,137.479996,32.266178,158.490005,106.547981,32.900002,128.949493,30.374086,60.603821,84.487106,60.293705
2016-10-03,136.330002,32.085182,159.050003,107.531982,32.549999,128.810669,30.412706,60.710632,84.477333,60.446659
2016-10-04,136.0,32.123295,158.199997,106.646385,32.560001,128.166016,30.267883,60.652374,84.203537,60.226788
2016-10-05,136.630005,32.294765,158.270004,106.754616,32.150002,129.475143,30.499601,60.982533,84.389328,60.599621
2016-10-06,137.479996,32.056602,157.759995,107.118698,32.130001,129.713165,30.393396,60.846588,84.047081,60.06427
2016-10-07,138.869995,31.970865,159.0,106.528305,31.620001,129.921448,30.383741,60.9534,84.056854,60.159866
2016-10-10,139.100006,32.018494,158.889999,107.404068,31.950001,131.647125,30.383741,62.050705,84.262199,60.523144
2016-10-11,136.479996,31.561226,156.830002,105.859184,31.459999,125.577499,29.968584,60.137714,81.357956,59.643639
2016-10-12,136.520004,31.504068,155.75,106.528305,31.5,125.994041,29.292746,59.875526,81.827339,59.055115
2016-10-13,136.369995,31.208744,154.820007,104.904694,31.51,125.865112,29.128614,60.700924,81.465523,58.997227
2016-10-14,135.789993,31.11348,154.899994,105.367188,31.889999,126.103127,29.138269,60.341633,80.878815,58.05172
2016-10-17,135.970001,30.961058,155.169998,104.993256,31.809999,125.577499,29.176888,59.739582,80.741898,58.022781
2016-10-18,138.309998,31.142057,156.740005,106.075668,31.639999,128.037094,29.389296,60.293079,81.700226,59.383141
2016-10-19,138.029999,31.05632,157.289993,106.666061,32.52,127.025482,29.302401,60.079445,81.817551,59.267368
2016-10-20,139.820007,30.999165,157.190002,106.361031,29.02,127.154411,29.118961,60.127998,82.159798,59.585751
2016-10-21,138.759995,30.65621,156.179993,100.604607,29.059999,126.470078,29.109304,59.428837,82.052246,58.83321
2016-10-24,139.669998,30.608578,157.75,101.194992,29.219999,126.936218,29.408604,58.991859,81.455742,58.968285
2016-10-25,138.410004,30.751472,138.600006,101.126122,29.049999,124.555969,29.292746,60.157131,80.644127,59.383141
2016-10-26,126.459999,30.865797,137.419998,100.496361,28.82,120.083115,29.495497,59.108383,79.324013,58.871799
2016-10-27,123.949997,30.942001,140.800003,100.525887,28.809999,119.993851,29.331364,59.516232,79.333786,59.296307
2016-10-28,124.0,30.418047,139.809998,99.551712,28.6,121.541008,29.534119,57.137138,80.116074,55.572201
2016-10-31,125.339996,30.208464,139.139999,98.912109,28.51,104.532211,29.62101,57.020615,80.204079,53.816273
2016-11-01,123.830002,29.598772,137.429993,97.455788,28.379999,102.905716,29.427914,57.583824,79.128433,54.462685
2016-11-02,124.019997,29.179604,136.419998,96.393051,28.26,101.180038,29.341019,57.137138,79.294678,54.790718
2016-11-03,121.629997,28.474644,136.789993,96.491455,28.059999,101.695755,29.273438,56.739002,79.793381,53.922401
2016-11-04,121.889999,28.579437,138.039993,96.04866,27.950001,102.161888,29.147924,57.117714,80.321426,54.067123
2016-11-07,125.139999,28.941442,140.289993,97.987144,28.24,103.590027,29.872036,58.312119,82.091354,56.836082
2016-11-08,126.059998,28.864471,141.149994,98.085541,28.030001,100.9916,29.929966,58.758804,82.472717,56.739605
2016-11-09,121.720001,30.904226,142.380005,99.059715,28.290001,100.783333,30.277542,62.322598,81.02549,60.434769
2016-11-10,126.209999,32.22237,143.320007,98.6661,28.16,99.851059,29.929966,63.080021,80.888596,61.746895
2016-11-11,124.82,31.356438,142.089996,98.833397,28.639999,97.222893,30.277542,62.099258,80.252975,60.878578
2016-11-14,127.5,31.154385,140.179993,98.459473,27.889999,97.18322,30.287195,61.691402,77.006485,60.753155
2016-11-15,128.029999,31.010063,141.470001,97.70179,28.49,100.614731,30.605803,61.807938,78.492828,60.65667
2016-11-16,127.010002,30.750284,140.699997,97.10154,28.33,100.049408,30.480289,60.817455,79.099098,59.373497
2016-11-17,127.120003,30.528988,138.850006,99.956017,28.870001,99.970085,29.012758,60.885426,79.988953,59.527866
2016-11-18,126.0,30.288452,135.179993,99.323883,28.690001,99.811401,29.138269,60.079445,79.138214,58.389404
2016-11-21,126.120003,30.375046,137.649994,99.886879,29.0,101.249451,29.012758,60.497005,78.795975,58.292923
2016-11-22,124.730003,30.144131,135.300003,100.410362,29.059999,99.979996,28.85828,59.914364,71.970505,56.855377
2016-11-23,126.010002,30.230724,138.350006,99.620201,28.9,100.168434,28.68449,59.856106,74.102242,58.061378
2016-11-25,127.510002,30.490501,138.720001,99.778221,28.950001,101.517235,29.051376,60.409607,73.847992,58.379753
2016-11-28,125.709999,30.346182,136.559998,99.649826,28.57,101.140366,28.887243,60.011475,72.351868,57.366718
2016-11-29,127.720001,30.711798,137.630005,99.847374,28.51,102.548683,28.80035,60.390186,71.794487,59.421738
2016-11-30,125.849998,30.92347,134.570007,99.264626,27.809999,101.021355,28.790695,59.419125,71.393562,58.659546
2016-12-01,123.650002,30.269209,133.710007,96.054573,27.389999,98.968407,28.433468,59.001572,70.288589,57.077282
2016-12-02,124.480003,30.432774,134.729996,96.420029,28.42,99.375023,28.240372,59.360867,70.415703,57.33778
2016-12-05,125.25,30.394289,134.830002,95.639732,28.35,100.594894,28.510706,58.506332,70.083237,58.717434
2016-12-06,125.110001,30.365425,138.880005,95.718758,28.209999,103.748718,28.31761,58.535461,70.513496,59.450676
2016-12-07,126.379997,30.00943,136.669998,96.696579,28.91,103.56028,28.91621,58.321831,70.621056,57.878063
2016-12-08,127.059998,29.768894,138.070007,96.864494,29.42,103.590027,28.91621,58.380089,70.47438,58.756027
2016-12-09,127.790001,30.500126,139.509995,98.543594,29.969999,104.353699,29.022411,59.45797,71.726036,59.373497
2016-12-12,129.149994,31.17363,139.440002,97.062035,30.209999,104.938828,29.128614,59.933788,72.078072,59.855896
2016-12-13,129.610001,31.587357,139.589996,98.276917,29.82,105.851265,29.534119,60.462189,71.74559,59.807652
2016-12-14,127.349998,31.577732,138.399994,96.252113,29.82,104.006569,29.408604,60.47197,71.677147,59.49892
2016-12-15,127.379997,31.51038,137.5,95.570602,29.73,101.804848,29.572737,61.029716,71.814049,59.836597
2016-12-16,127.760002,31.596973,137.080002,95.284164,29.610001,102.64785,29.534119,61.098217,71.833595,60.029552
2016-12-19,127.82,31.587357,136.130005,94.740921,29.379999,102.01313,29.688593,59.826157,71.481575,60.029552
2016-12-20,128.360001,31.606594,136.330002,95.560722,29.26,101.011429,29.505152,59.199905,70.836197,59.971668
2016-12-21,128.429993,31.17363,135.639999,95.303909,29.360001,100.822998,29.369986,58.152897,70.4132,59.286663
2016-12-22,126.82,31.115898,135.720001,94.681656,29.540001,100.733742,29.408604,58.299679,70.570587,59.489265
2016-12-23,128.229996,31.250601,136.210007,94.24707,29.790001,101.47757,29.476189,58.280106,70.777161,60.145332
2016-12-27,128.690002,31.29871,136.509995,94.523621,30.24,102.29081,29.62101,58.505161,70.600105,60.299698
2016-12-28,127.559998,31.125523,134.660004,93.526047,30.01,102.44986,29.369986,57.996338,70.63945,60.077797
2016-12-29,128.169998,31.260225,134.5,93.130959,29.98,102.88726,29.408604,57.771282,70.373848,60.521603
2016-12-30,128.380005,31.250601,134.389999,93.111191,29.690001,102.589035,29.176888,57.604931,70.068909,60.415474
2017-01-03,129.070007,31.750917,136.429993,94.296455,29.84,102.718277,29.485844,58.857426,69.459007,60.212872
2017-01-04,130.100006,32.029945,135.490005,95.896538,29.76,103.662636,29.310564,58.837856,70.108246,61.061886
2017-01-05,129.110001,32.337833,135.729996,96.657082,30.01,104.328674,29.378729,58.818287,69.67543,61.524986
2017-01-06,129.339996,32.212746,139.979996,97.091675,31.049999,104.338615,29.437155,58.97485,71.682167,61.544285
2017-01-09,130.729996,32.203129,139.179993,95.669365,30.75,106.366539,29.388468,59.787014,72.616676,61.949497
2017-01-10,132.059998,32.174263,137.559998,93.506294,30.25,112.997055,29.58322,58.632366,73.679085,61.814426
2017-01-11,134.940002,31.587357,139.130005,93.851982,30.41,114.070648,29.359253,60.305622,73.226578,59.582752
2017-01-12,134.649994,31.366058,138.350006,95.313797,30.35,113.752548,29.25214,60.873158,73.885658,59.719189
2017-01-13,134.330002,31.289087,141.320007,95.768135,30.290001,114.51799,29.281351,61.000366,73.865982,60.411102
2017-01-17,133.990005,30.846502,141.529999,97.931221,30.290001,114.766518,29.203449,60.158848,74.584084,60.284416
2017-01-18,134.389999,30.817633,143.100006,98.109001,30.389999,114.786392,29.242401,59.855507,74.436523,60.089512
2017-01-19,132.740005,30.500126,141.740005,98.731255,30.719999,113.901657,29.19371,59.033558,74.072563,59.816647
2017-01-20,132.399994,30.567476,141.440002,99.778221,30.639999,112.977173,29.310564,61.186283,73.767609,59.592503
2017-01-23,132.539993,30.269209,145.279999,100.519005,30.27,113.484146,29.476105,60.481754,73.551193,59.407337
2017-01-24,133.039993,29.970943,142.149994,100.6968,29.99,113.881783,29.797453,59.89465,72.626526,59.037018
2017-01-25,135.089996,30.105644,144.130005,102.454926,30.23,115.253616,29.894829,59.767445,73.275764,59.816647
2017-01-26,133.830002,30.096022,142.820007,102.790741,31.74,114.667107,29.933779,59.884865,72.833099,59.709446
2017-01-27,133.630005,30.230724,144.380005,102.701859,32.509998,116.267578,30.167482,60.423046,73.728256,58.47179
2017-01-30,132.5,30.124886,140.949997,102.48455,32.169998,114.706871,30.02142,60.109924,73.452827,58.890839
2017-01-31,134.210007,30.528988,141.649994,102.39566,31.83,117.629463,29.914303,60.65789,74.780823,59.55352
2017-02-01,136.369995,30.781696,145.729996,102.27713,32.18,117.808403,29.700075,60.765522,74.761147,59.339123
2017-02-02,136.490005,30.840014,145.050003,103.136436,31.969999,116.923668,30.36224,62.800823,74.682449,59.339123
2017-02-03,137.690002,31.189919,146.339996,104.864922,32.07,117.440582,30.498568,62.908459,75.095604,59.124722
2017-02-06,129.860001,31.325991,145.869995,105.44767,32.029999,116.545914,30.47909,63.544495,74.741486,59.10524
2017-02-07,130.600006,31.180199,147.309998,105.743988,32.43,117.410759,30.625158,62.820389,74.879189,59.017529
2017-02-08,131.490005,31.238514,147.580002,105.506935,33.25,116.456444,30.449879,62.937817,74.367668,58.978542
2017-02-09,133.830002,31.471783,148.669998,106.257599,33.119999,116.903786,30.673847,63.006313,74.475876,59.290394
2017-02-10,135.009995,31.442621,149.199997,106.672432,33.630001,116.635391,30.683586,62.771469,74.908699,58.881092
2017-02-13,134.929993,31.695332,149.729996,107.689774,33.790001,117.052902,31.131519,63.378143,75.666145,58.968796
2017-02-14,135.880005,31.831406,150.470001,107.916939,33.630001,116.486275,31.462605,64.249023,75.794037,59.270908
2017-02-15,136.369995,32.570084,153.410004,108.878357,34.009998,116.615501,31.95923,63.759766,76.433426,60.079762
2017-02-16,139.130005,32.677002,153.0,109.245087,33.540001,115.631363,32.718769,63.857616,76.718704,59.914089
2017-02-17,139.589996,32.677002,154.330002,111.90139,33.759998,116.178108,32.855099,63.984821,77.5942,60.196712
2017-02-21,139.639999,32.677002,154.600006,111.871651,33.919998,116.476326,33.234871,64.072891,79.246811,60.255184
2017-02-22,139.020004,32.647842,154.679993,112.555542,33.82,116.207932,33.195919,63.886974,78.322151,59.79715
2017-02-23,140.270004,33.104664,154.889999,112.22847,33.599998,115.691002,33.147232,64.434937,79.423874,60.362381
2017-02-24,142.889999,33.299046,156.399994,112.287933,34.060001,116.227806,33.419888,64.738274,79.709152,60.508556
2017-02-27,142.820007,33.318489,156.529999,111.058907,34.279999,116.267578,33.361462,64.434937,79.433723,60.635246
2017-02-28,142.259995,33.162975,154.990005,110.384918,33.900002,116.386864,33.283558,64.454506,79.59111,60.264927
2017-03-01,142.740005,33.454559,155.830002,112.198723,34.27,118.18615,33.536739,64.787201,80.732201,61.22971
2017-03-02,141.929993,33.542034,154.190002,111.475189,33.91,117.321304,33.488049,64.659996,80.653503,61.639015
2017-03-03,142.289993,33.551758,154.899994,111.623863,33.740002,117.579758,33.390675,65.149261,80.525627,61.726715
2017-03-06,142.429993,33.386524,153.419998,111.276947,33.639999,116.526031,33.293293,65.041618,80.210846,61.93137
2017-03-07,142.089996,33.036625,153.360001,111.663506,33.470001,116.376923,33.303032,64.542572,80.073128,62.067806
2017-03-08,142.110001,32.958866,153.050003,111.683334,33.32,116.903786,33.127754,64.386009,80.879761,62.506344
2017-03-09,143.130005,33.09494,154.610001,111.485107,33.18,118.474426,33.176445,64.474083,81.440468,62.857174
2017-03-10,143.940002,33.153255,156.940002,110.939964,33.130001,119.369102,33.361462,64.190308,81.686386,64.202019
2017-03-13,144.240005,33.153255,157.160004,111.15802,32.810001,119.080818,33.205654,63.224453,81.538834,64.172791
2017-03-14,143.089996,33.260174,156.399994,111.11837,32.860001,117.977394,33.225132,63.273727,81.174866,63.997372
2017-03-15,144.270004,33.658676,158.309998,111.891472,32.889999,118.941643,33.341988,63.766514,81.942162,64.854958
2017-03-16,144.179993,33.464279,156.449997,112.535721,33.099998,118.703072,33.332245,63.254021,80.496117,64.221519
2017-03-17,143.75,33.357372,156.589996,110.949883,33.700001,120.949692,33.332245,62.978058,80.889595,64.016869
2017-03-20,143.639999,33.415688,155.860001,111.267052,33.810001,120.92981,33.380932,63.185032,80.092796,64.124069
2017-03-21,142.470001,33.28933,155.490005,109.899246,33.189999,120.263779,32.991428,62.987915,79.797691,63.68552
2017-03-22,142.300003,33.503162,155.919998,110.147041,33.529999,120.6614,33.205654,62.583832,80.104256,63.851189
2017-03-23,141.5,33.328209,155.630005,111.177841,33.52,119.68721,33.069328,62.367004,79.965805,63.977886
2017-03-24,142.0,33.046345,154.759995,111.475189,33.400002,119.945671,33.186184,62.268448,80.104256,63.948654
2017-03-27,142.529999,33.221294,155.910004,110.424568,33.43,119.577858,33.098545,62.278301,80.133926,64.41642
2017-03-28,142.910004,33.201855,155.520004,110.275894,33.529999,120.472534,33.127754,62.42614,79.84713,64.299477
2017-03-29,143.190002,33.367092,155.610001,110.464211,33.650002,120.890877,32.855099,62.721809,80.242706,64.094818
2017-03-30,143.979996,33.386524,156.279999,110.632713,33.700001,120.880913,32.855099,62.53455,80.094368,63.792721
2017-03-31,143.470001,33.250454,156.309998,111.048996,33.57,121.627953,32.913525,62.623253,79.669121,63.50037
2017-04-03,144.550003,33.279617,156.699997,110.910233,33.759998,120.870949,32.699295,62.554264,80.133926,63.37368
2017-04-04,143.509995,33.376804,154.830002,110.394821,34.139999,120.293243,32.817165,62.751373,79.728462,63.451637
2017-04-05,143.550003,33.23101,155.369995,112.069885,33.810001,119.705574,32.41444,62.652821,79.352661,63.305454
2017-04-06,144.020004,33.153255,155.940002,112.337494,34.16,119.725494,32.493023,62.327583,79.332886,63.422401
2017-04-07,143.389999,33.143539,156.809998,112.278023,33.91,119.406754,32.375149,62.21917,79.481232,63.870686
2017-04-10,143.490005,33.08522,156.389999,111.941032,34.060001,119.556168,32.424263,61.647537,79.412003,63.315201
2017-04-11,143.339996,32.97831,155.880005,112.377136,33.990002,119.107941,32.335857,61.677105,79.263657,63.167568
2017-04-12,142.570007,32.968586,155.110001,111.980675,34.27,118.699554,32.041183,62.140324,79.214211,63.354572
2017-04-13,142.100006,32.92971,155.690002,111.435539,34.330002,119.058136,31.844728,61.706673,79.125206,63.118351
2017-04-17,142.509995,33.046345,157.339996,113.25927,34.439999,120.681702,32.031361,61.893929,79.471336,63.295513
2017-04-18,142.190002,32.890831,157.259995,113.130417,34.02,119.097977,32.090294,61.371574,79.441666,62.645927
2017-04-19,142.800003,32.667286,159.210007,113.368294,33.849998,119.785255,32.070652,61.736237,79.431778,62.449081
2017-04-20,145.660004,32.793636,158.990005,114.339622,32.529999,121.36898,32.247459,61.647537,80.124039,62.773876
2017-04-21,143.289993,32.696442,158.520004,114.002632,32.18,120.711586,32.237637,60.997055,79.590012,62.813244
2017-04-24,144.610001,32.793636,160.270004,116.65892,32.049999,122.783371,32.689472,61.24345,79.758133,63.640003
2017-04-25,138.889999,32.813072,171.460007,117.025658,32.810001,123.998558,32.826988,61.401142,80.855858,64.073051
2017-04-26,138.690002,32.900551,170.940002,117.699638,33.009998,124.825279,32.807343,61.795372,81.231651,64.014
2017-04-27,139.679993,32.910271,170.729996,118.373627,33.060001,117.633781,33.151131,61.677105,82.210701,65.027748
2017-04-28,140.149994,32.968586,169.889999,117.273445,33.41,119.177666,33.465454,61.43071,82.171143,64.899803
2017-05-01,141.009995,32.832516,173.050003,116.857162,33.310001,120.34304,33.367229,61.479992,82.813957,65.43129
2017-05-02,141.070007,32.667286,173.75,117.798759,33.509998,120.153786,33.632439,61.795372,83.81279,65.578918
2017-05-03,140.600006,32.531208,172.479996,117.600525,33.259998,118.958534,33.642262,62.711956,83.16008,65.68718
2017-05-04,140.899994,32.511772,173.699997,118.343887,33.509998,116.388718,33.573505,62.465561,82.982086,66.169456
2017-05-05,142.380005,32.540928,174.0,117.184242,33.5,116.079941,33.779774,63.047047,83.071083,65.933235
2017-05-08,142.190002,32.511772,173.070007,115.647949,33.240002,116.448479,33.681553,63.086475,82.37883,65.165543
2017-05-09,142.029999,32.443733,174.5,115.677681,33.720001,118.191574,33.298473,62.376862,82.418381,65.126175
2017-05-10,141.699997,32.414295,174.110001,115.578575,33.880001,119.018288,33.141312,63.017483,81.973358,64.939171
2017-05-11,141.130005,32.424107,172.220001,114.547768,34.119999,120.542252,33.03326,63.500412,82.092033,64.269905
2017-05-12,139.320007,32.394665,172.410004,113.754837,34.07,120.781311,32.856457,62.652821,82.49749,65.017906
2017-05-15,140.529999,32.502613,174.710007,115.082993,34.18,121.847084,33.622612,62.593685,83.209534,65.618286
2017-05-16,138.139999,31.992308,174.910004,114.210777,34.810001,119.307152,33.691376,62.869648,83.011749,65.795448
2017-05-17,137.509995,31.629206,174.389999,111.950943,33.580002,117.255287,33.219891,62.091042,81.745903,64.338799
2017-05-18,138.259995,31.619392,176.330002,112.766434,33.73,116.797104,30.823187,62.968201,81.488777,64.594688
2017-05-19,139.350006,31.854918,175.5,114.118958,33.830002,117.205475,30.656202,62.859791,82.309601,64.545486
2017-05-22,140.300003,31.521254,175.550003,114.337746,33.860001,117.325012,31.029461,63.116039,83.061188,64.407692
2017-05-23,139.699997,31.540882,176.100006,114.258179,34.610001,117.344925,31.196444,63.618683,83.674332,64.801376
2017-05-24,140.679993,31.452559,177.539993,114.417305,34.82,118.629837,30.931234,63.993198,83.763336,64.889961
2017-05-25,141.800003,31.560511,178.600006,115.899109,35.220001,118.829048,30.882124,64.101616,84.633614,65.273804
2017-05-26,140.100006,31.540882,178.070007,116.465973,34.900002,118.759331,30.941057,63.983337,84.149033,65.017906
2017-05-30,138.520004,31.531071,178.559998,116.117897,34.619999,117.962479,31.117863,63.94392,83.921577,64.978539
2017-05-31,139.0,32.041378,179.619995,117.798607,34.299999,118.739395,30.970526,64.170609,83.347984,64.978539
2017-06-01,142.070007,32.100258,181.009995,118.345581,34.790001,122.185738,31.255379,64.318436,85.128082,65.657654
2017-06-02,141.580002,31.933428,183.960007,118.166573,35.32,123.450729,31.412539,64.525406,84.870956,66.18914
2017-06-05,139.919998,31.746967,183.789993,118.206352,35.549999,123.440765,31.196444,64.13118,84.999519,66.445038
2017-06-06,139.289993,31.472187,183.589996,117.122345,35.470001,123.679817,30.99999,63.736942,85.048965,66.799362
2017-06-07,140.470001,31.403494,185.809998,117.022896,35.77,123.859108,31.049107,63.135746,85.02919,67.665474
2017-06-08,139.869995,31.158154,186.330002,116.734489,36.139999,124.675873,31.049107,62.288158,84.989632,67.675316
2017-06-09,140.610001,32.159142,184.990005,116.177567,34.939999,124.516502,30.813364,63.460991,85.553322,68.570961
2017-06-12,140.720001,32.090443,183.350006,116.54554,34.150002,124.506546,30.695494,63.460991,86.660934,68.433167
2017-06-13,141.639999,31.972685,184.970001,118.266022,34.459999,124.974693,31.137508,62.815655,86.235695,68.570961
2017-06-14,141.110001,32.080631,184.970001,119.350029,34.5,125.104172,31.039282,62.914936,86.680725,69.407547
2017-06-15,140.399994,32.198395,184.949997,120.414146,34.09,125.343224,31.019636,62.736229,86.690613,69.48629
2017-06-16,140.770004,32.355415,184.160004,121.577705,33.959999,125.422905,31.06875,62.517811,87.105972,69.929192
2017-06-19,141.889999,32.600754,185.580002,121.508095,34.900002,126.588287,31.422363,63.22271,88.005898,70.214615
2017-06-20,144.449997,32.934418,184.279999,120.523544,34.93,126.717781,31.284847,64.066605,87.837776,70.096512
2017-06-21,146.210007,33.248447,185.429993,118.285912,34.959999,128.254608,31.275023,64.989929,87.808113,70.214615
2017-06-22,150.339996,33.425095,184.889999,118.067116,35.119999,129.122803,31.284847,65.545906,88.10479,72.025597
2017-06-23,151.619995,33.533043,185.470001,119.39975,35.57,128.82341,31.520588,65.684906,88.213577,71.494118
2017-06-26,152.300003,33.405464,184.919998,119.95668,35.09,128.793488,31.667927,65.446625,88.164131,71.592537
2017-06-27,150.300003,33.140499,183.210007,119.757767,34.91,127.985153,31.196444,65.069351,87.808113,71.248062
2017-06-28,152.970001,33.120872,184.210007,121.547874,35.310001,128.244614,31.510767,64.692085,88.312469,71.769699
2017-06-29,152.050003,33.003109,182.839996,120.702553,34.509998,127.6259,30.852654,63.877968,87.728996,71.336647
2017-06-30,154.139999,32.963852,183.839996,121.010841,34.919998,128.134842,30.744606,63.629765,87.768555,71.366173
2017-07-03,151.600006,33.189564,182.520004,121.348969,34.599998,128.114899,30.774073,63.808472,87.827888,71.277588
2017-07-05,153.330002,33.012924,183.779999,123.298203,34.720001,127.506142,30.843475,63.699268,88.374641,71.336647
2017-07-06,150.990005,32.600754,182.240005,121.498146,34.029999,125.37056,30.456814,62.646873,86.744331,70.598473
2017-07-07,151.449997,32.728325,184.080002,122.741272,34.23,126.847511,30.635273,62.706444,87.440193,70.893738
2017-07-10,151.520004,32.787209,180.389999,122.353416,35.040001,127.136909,30.714588,62.378815,86.684685,70.696899
2017-07-11,151.470001,32.551682,180.839996,121.93573,35.189999,126.22879,30.823645,61.892334,86.744331,70.706734
2017-07-12,152.449997,32.600754,182.910004,123.596542,36.029999,126.09906,30.893045,62.329174,87.291077,71.382019
2017-07-13,152.419998,32.659634,182.740005,123.994347,36.5,128.713638,31.002104,62.438385,87.291077,72.126823
2017-07-14,153.300003,32.806835,183.389999,124.412033,37.080002,132.2164,31.150818,62.607166,88.046593,72.6035
2017-07-17,153.679993,32.630192,185.220001,124.680557,37.049999,132.336151,31.230133,62.160397,85.551422,72.196335
2017-07-18,153.309998,32.738144,183.5,125.157906,36.799999,130.909103,31.240047,61.96183,85.342659,71.729599
2017-07-19,155.009995,32.993294,182.910004,125.903778,37.080002,130.799347,31.626705,62.170322,85.143845,72.265854
2017-07-20,156.119995,32.914787,184.110001,126.47065,37.18,129.202637,31.587049,62.488022,85.163727,73.497269
2017-07-21,156.550003,32.855904,185.240005,131.840958,36.610001,129.342346,31.567221,62.180252,84.666679,74.112968
2017-07-24,157.889999,32.698887,185.009995,132.835464,36.380001,128.524033,31.587049,62.120682,84.587151,73.397964
2017-07-25,156.929993,32.482986,175.110001,132.019974,36.32,128.504089,31.84482,61.912189,85.422195,72.017586
2017-07-26,161.169998,32.276905,172.580002,132.547043,37.040001,128.434219,31.388762,61.356209,85.233315,72.087097
2017-07-27,160.100006,32.384853,173.229996,131.164688,36.169998,125.180962,31.299532,63.232639,84.179581,71.233063
2017-07-28,160.070007,32.532055,174.110001,131.482941,35.939999,123.524384,31.249962,63.649624,83.791885,69.952003
2017-07-31,158.910004,32.54187,173.440002,130.906128,35.73,121.069466,31.180561,63.421276,83.473778,69.425674
2017-08-01,160.460007,32.463364,175.740005,130.866333,35.91,120.071533,31.378847,63.460987,83.026428,69.89241
2017-08-02,159.850006,32.62191,176.690002,128.658554,35.900002,117.446968,31.249962,62.984432,82.708321,70.220123
2017-08-03,160.559998,33.127296,178.160004,128.012131,35.709999,116.91806,31.289618,63.063862,82.797791,70.498184
2017-08-04,158.649994,33.335392,177.850006,128.578979,35.619999,117.68647,31.527561,62.646873,83.185486,70.498184
2017-08-07,158.210007,33.008381,177.949997,128.360199,36.110001,116.947998,31.567221,62.388744,83.871414,70.726593
2017-08-08,157.429993,32.978653,176.639999,126.997734,36.360001,114.802437,31.398676,61.872478,83.334602,70.974861
2017-08-09,157.75,33.147114,176.699997,127.315979,36.080002,112.626938,31.349106,62.04126,83.453888,71.521049
2017-08-10,156.399994,33.117382,175.660004,126.21209,34.990002,109.902573,30.734417,61.733482,82.549271,69.952003
2017-08-11,156.210007,32.948925,177.029999,127.057411,35.049999,111.46933,31.20039,61.932049,83.215309,70.140678
2017-08-14,156.5,33.008381,179.759995,129.812164,35.200001,112.277664,31.567221,62.219963,83.970818,70.329369
2017-08-15,156.759995,33.077747,179.520004,131.472992,35.25,112.73671,31.815079,62.051186,84.090103,69.852684
2017-08-16,156.440002,33.05793,182.399994,131.363602,35.360001,112.846481,32.062935,62.249748,84.100052,69.932137
2017-08-17,154.559998,32.651642,180.220001,129.503876,34.849998,112.187843,30.774075,61.395924,83.175545,69.366081
2017-08-18,153.910004,32.374176,179.699997,130.152206,34.779999,111.149994,30.109814,61.048439,82.917084,69.475319
2017-08-21,153.740005,32.46336,180.179993,130.471359,34.240002,112.537117,30.417158,61.52499,83.026428,70.210197
2017-08-22,155.399994,32.849831,182.839996,132.236786,34.810001,113.724663,31.002104,61.971756,81.276833,71.252922
2017-08-23,153.660004,32.939018,179.940002,131.678238,34.889999,112.048134,30.655102,61.703701,79.278709,71.024513
2017-08-24,154.419998,32.929104,180.960007,131.857758,34.880001,112.616959,30.972361,62.259674,78.771721,71.610428
2017-08-25,154.770004,33.087658,179.419998,132.047272,34.68,112.956261,31.170647,62.488022,78.592789,71.977867
2017-08-28,153.220001,33.166935,179.940002,132.336517,34.810001,112.656876,31.269791,62.865295,79.119652,72.812042
2017-08-29,152.880005,33.196659,180.330002,132.685623,35.200001,112.587021,31.210304,62.666733,79.248894,73.378098
2017-08-30,153.839996,33.147114,181.059998,134.091965,35.689999,112.776627,31.715935,62.666733,79.388062,73.40789
2017-08-31,156.869995,33.612858,183.479996,133.683029,36.130001,114.034019,31.93405,63.401421,80.143578,74.778328
2017-09-01,157.610001,33.652496,183.029999,133.413727,36.349998,114.093903,32.023277,63.371635,79.576942,74.897499
2017-09-05,157.0,33.493942,182.899994,132.715546,36.09,114.004082,31.349106,63.163139,79.348297,74.728676
2017-09-06,158.479996,33.682224,183.910004,133.892487,36.759998,115.391212,31.596964,63.540413,79.398003,76.516205
2017-09-07,158.039993,33.682224,184.880005,133.872543,38.009998,115.431129,31.487906,63.858116,79.477524,81.213432
2017-09-08,157.550003,33.791225,186.559998,134.999619,37.790001,115.461067,31.210304,63.808472,81.545235,84.748772
2017-09-11,159.210007,34.009235,189.110001,135.368652,38.09,115.560867,31.914221,64.662292,81.078011,86.39727
2017-09-12,158.669998,35.049728,190.0,135.807526,38.18,116.189568,32.132336,64.989929,81.813644,87.142075
2017-09-13,155.210007,34.742538,189.649994,135.019562,38.27,115.650681,31.904306,64.979996,81.445831,87.857086
2017-09-14,154.089996,35.406467,189.320007,134.610626,38.310001,115.750473,31.914221,66.120003,81.316605,88.601891
2017-09-15,153.600006,35.039818,187.729996,135.977081,38.400002,115.231552,32.162079,66.160004,81.634712,86.764709
2017-09-18,153.75,35.228096,188.949997,136.40596,38.389999,116.059837,32.241394,65.989998,81.913055,84.728912
2017-09-19,152.850006,35.129005,184.75,136.386017,38.59,115.241531,32.211655,65.949997,80.710205,85.771637
2017-09-20,154.149994,35.664116,183.860001,136.415939,38.540001,115.980003,32.320705,65.790001,79.686295,86.804436
2017-09-21,153.889999,35.644295,181.789993,136.296234,38.25,113.059998,32.419853,65.599998,79.060013,86.804436
2017-09-22,155.070007,35.634384,181.160004,137.672668,38.290001,114.400002,33.08411,65.129997,79.229004,86.873947
2017-09-25,150.320007,35.188457,180.320007,138.420731,37.779999,114.370003,33.431114,65.18,77.807457,85.970253
2017-09-26,150.820007,34.980362,178.979996,137.991852,37.849998,114.75,33.470768,64.760002,77.906868,84.758705
2017-09-27,149.470001,35.129005,178.740005,138.350922,38.049999,116.25,33.193169,64.57,77.379997,84.162857
2017-09-28,149.75,35.277645,178.779999,138.251175,37.73,115.660004,33.064281,64.290001,77.709999,88.343689
2017-09-29,150.970001,35.37674,179.520004,138.849625,38.459999,117.089996,33.341885,64.029999,77.769997,88.244385
2017-10-02,151.380005,35.743389,182.039993,139.847031,38.73,117.699997,33.460857,64.550003,78.050003,89.763786
2017-10-03,150.919998,35.812756,182.830002,140.634979,38.709999,116.150002,33.559998,64.370003,78.110001,89.07856
2017-10-04,152.179993,35.634384,183.830002,141.343155,38.66,117.529999,33.439999,64.599998,78.629997,89.277184
2017-10-05,151.679993,35.674023,183.949997,141.732147,38.990002,119.160004,33.59,64.599998,79.510002,89.555244
2017-10-06,151.649994,35.723572,185.880005,142.12114,38.810001,119.269997,33.75,64.550003,79.809998,89.863091
2017-10-09,149.270004,35.812756,183.800003,141.58252,38.990002,117.519997,33.759998,64.330002,76.93,90.151085
2017-10-10,149.479996,36.070404,185.009995,141.772034,38.84,118.410004,33.549999,64.459999,77.290001,90.538383
2017-10-11,149.279999,36.119949,185.669998,142.180984,38.310001,118.639999,33.59,63.779999,78.239998,91.739998
2017-10-12,150.259995,36.020851,185.800003,143.557388,38.09,120.629997,33.259998,63.830002,77.919998,91.419998
2017-10-13,149.600006,36.010944,185.789993,143.866608,38.349998,119.699997,33.470001,63.389999,78.07,90.669998
2017-10-16,149.669998,35.654205,184.639999,144.375275,37.77,119.510002,33.540001,63.34,77.730003,91.040001
2017-10-17,149.729996,35.872215,180.919998,143.756882,37.490002,119.93,33.599998,63.220001,78.0,92.169998
2017-10-18,147.990005,35.505566,181.160004,144.824112,37.970001,120.690002,33.549999,63.509998,78.589996,96.040001
2017-10-19,151.320007,35.911854,185.449997,143.816727,37.290001,121.879997,33.75,63.75,78.480003,96.480003
2017-10-20,151.720001,36.090218,188.139999,145.282928,37.610001,122.349998,34.25,63.880001,78.339996,96.099998
2017-10-23,151.770004,36.070404,187.550003,145.681885,36.830002,121.699997,34.349998,63.400002,79.019997,94.510002
2017-10-24,150.860001,35.941578,187.630005,146.619461,36.740002,121.209999,34.580002,63.110001,78.660004,91.690002
2017-10-25,152.710007,35.832573,190.350006,145.203125,36.68,121.459999,34.299999,62.450001,79.199997,91.769997
2017-10-26,153.389999,35.416378,194.630005,146.998474,36.900002,121.0,34.27,61.990002,80.440002,89.559998
2017-10-27,155.399994,35.277645,199.75,146.020996,36.799999,124.459999,34.43,58.240002,81.300003,91.93
2017-10-30,154.169998,34.831722,196.220001,142.609863,37.0,121.349998,34.040001,54.709999,80.529999,90.959999
2017-10-31,153.710007,34.742538,196.050003,142.041336,37.639999,121.620003,34.150002,55.09,80.519997,90.25
2017-11-01,151.309998,34.940723,198.050003,143.118546,37.540001,115.089996,34.619999,55.34,80.309998,92.440002
